,name,results,predictions,difference
100,Jordan Ferri,5000000.0,6518981.0,2.0
101,Youssouf Fofana,28000000.0,8138680.0,19.0
102,Philipp Förster,2500000.0,2796835.25,1.0
103,Davide Frattesi,30000000.0,5127418.0,24.0
104,Fred,19000000.0,14615816.0,4.0
105,Remo Freuler,6500000.000000001,8711677.0,3.0
106,Roberto Gagliardini,4000000.0,936488.6875,3.0
107,Iñigo Ruiz de Galarreta,5000000.0,3139369.25,1.0
108,Conor Gallagher,42000000.0,10195150.0,31.0
109,James Garner,20000000.0,7536636.0,12.0
110,Johan Gastien,600000.0,6272347.5,6.0
111,Gavi,90000000.0,13493195.0,76.0
112,Aleksandr Golovin,30000000.0,16335697.0,13.0
113,Angel Gomes,20000000.0,6711392.0,13.0
114,Nicolás González,40000000.0,16688668.0,23.0
115,Nicolás González,40000000.0,16869924.0,23.0
116,Ryan Gravenberch,35000000.0,19989864.0,15.0
117,Bruno Guimarães,85000000.0,19690344.0,65.0
118,Gerard Gumbau,3500000.0,3438220.5,0.0
119,İlkay Gündoğan,18000000.0,10770062.0,7.0
120,Morten Hjulmand,26000000.0,16549734.0,9.0
121,Nicolas Höfler,2000000.0,-2678767.75,4.0
122,Alex Iwobi,28000000.0,18277550.0,9.0
123,Vitaly Janelt,22000000.0,6746153.5,15.0
124,Mathias Jensen,30000000.0,10505018.0,19.0
125,Joelinton,42000000.0,12478013.0,29.0
126,Curtis Jones,30000000.0,16058650.0,13.0
127,Frenkie de Jong,80000000.0,14279057.0,65.0
128,Joan Jordán,5000000.0,9598871.0,5.0
129,Jorginho,15000000.0,299812.8125,14.0
130,Daichi Kamada,20000000.0,6350568.0,13.0
131,Boubacar Kamara,38000000.0,11223154.0,26.0
132,Kevin Kampl,3500000.0,6630178.0,4.0
133,Atakan Karazor,8000000.0,6066633.0,1.0
134,Yannik Keitel,4000000.0,-447614.3125,4.0
135,Rani Khedira,8000000.0,-547342.5625,8.0
136,Joshua Kimmich,75000000.0,12406872.0,62.0
137,Dominik Kohr,3500000.0,7562141.0,5.0
138,Koke,13999999.999999998,-81781.6875,14.0
139,Geoffrey Kondogbia,15000000.0,9869663.0,5.0
140,Teun Koopmeiners,40000000.0,18003778.0,21.0
141,Rominigue Kouamé,2500000.0,9095694.0,7.0
142,Cheikhou Kouyaté,1000000.0,922322.9375,0.0
143,Christoph Kramer,2000000.0,4023659.25,3.0
144,Toni Kroos,13999999.999999998,6462002.5,7.0
145,Konrad Laimer,28000000.0,14250623.0,13.0
146,Roméo Lavia,50000000.0,21437410.0,28.0
147,Enzo Le Fée,20000000.0,24309434.0,5.0
148,Johann Lepenant,8000000.0,13990859.0,6.0
149,Giovani Lo Celso,16000000.0,10689331.0,5.0
150,Stanislav Lobotka,35000000.0,9743665.0,25.0
151,Ruben Loftus-Cheek,25000000.0,12839865.0,12.0
152,Dion Lopy,6000000.0,22424556.0,17.0
153,Anthony Losilla,500000.0,5670356.0,6.0
154,Douglas Luiz,60000000.0,12152299.0,47.0
155,Alexis Mac Allister,65000000.0,19778756.0,45.0
156,Giulio Maggiore,4500000.0,5167515.0,1.0
157,Yohann Magnin,2500000.0,3123843.0,1.0
158,Arne Maier,4500000.0,3246424.5,1.0
159,Lovro Majer,25000000.0,21058038.0,3.0
160,Jean-Victor Makengo,8000000.0,9113018.0,2.0
161,Youssef Maleh,4500000.0,-1196778.875,5.0
162,Rolando Mandragora,8500000.0,9972166.0,2.0
163,Orel Mangala,22000000.0,-1183534.125,23.0
164,Răzvan Marin,2500000.0,1540433.75,0.0
165,Eric Martel,9000000.0,10170866.0,2.0
166,Iván Martín,10000000.0,8419224.0,1.0
167,Omar Mascarell,1000000.0,7127511.0,7.0
168,Han-Noah Massengo,4000000.0,11106269.0,8.0
169,Eliot Matazo,6000000.0,-645158.1875,6.0
170,Azor Matusiwa,10000000.0,15901994.0,6.0
171,John McGinn,30000000.0,11527278.0,18.0
172,Weston McKennie,23000000.0,2841524.75,20.0
173,Scott McTominay,28000000.0,6596800.5,21.0
174,Soualiho Meïté,3000000.0,-853130.375,3.0
175,Gonzalo Melero,3000000.0,8431096.0,6.0
176,Brais Méndez,40000000.0,20514832.0,19.0
177,Batista Mendy,8000000.0,11122844.0,4.0
178,Nampalys Mendy,3000000.0,3829674.5,1.0
179,Mikel Merino,50000000.0,12669851.0,37.0
180,Luis Milla,2500000.0,9787005.0,8.0
181,Enzo Millot,25000000.0,21132330.0,3.0
182,James Milner,1000000.0,3222359.5,3.0
183,Fabio Miretti,15000000.0,14246020.0,0.0
184,Henrikh Mkhitaryan,6000000.0,9293133.0,4.0
185,Florent Mollet,2000000.0,5340670.5,4.0
186,Jon Moncayola,9000000.0,26271066.0,18.0
187,Ilaix Moriba,3000000.0,2963717.0,0.0
188,Manu Morlanes,2500000.0,11306153.0,9.0
189,Nikola Moro,6500000.000000001,14338440.0,8.0
190,João Moutinho,800000.0,3237528.0,3.0
191,João Moutinho,800000.0,4099517.75,4.0
192,Samuel Moutoussamy,4000000.0,164193.609375,3.0
193,Marshall Munetsi,12000000.000000002,15304447.0,4.0
194,Yunus Musah,23000000.0,16737388.0,6.0
195,Hans Nicolussi Caviglia,3000000.0,4893893.0,2.0
196,Saúl Ñíguez,12000000.000000002,12416510.0,1.0
197,Felix Nmecha,25000000.0,20348844.0,4.0
198,Matheus Nunes,55000000.0,16575259.0,38.0
199,Christian Nørgaard,20000000.0,5660014.5,14.0
200,Pedro Obiang,500000.0,6262154.5,6.0
201,Brian Ocampo,1200000.0,6689737.0,6.0
202,Finn Ole Becker,3000000.0,5863496.5,3.0
203,Amadou Onana,50000000.0,13691007.0,36.0
204,Jean Onana,3700000.0,1852346.875,1.0
205,Frank Onyeka,9000000.0,10662382.0,2.0
206,Aimar Oroz,15000000.0,12172737.0,2.0
207,Pedro Ortiz,400000.0,-1084118.0,1.0
208,Patrick Osterhage,5500000.0,4631908.5,0.0
209,Azzedine Ounahi,12000000.000000002,17792054.0,6.0
210,Salih Özcan,13000000.0,6189100.5,6.0
211,Exequiel Palacios,40000000.0,17581484.0,22.0
212,João Palhinha,60000000.0,14497822.0,45.0
213,Cole Palmer,45000000.0,31741904.0,13.0
214,Leandro Paredes,8000000.0,4770238.5,3.0
215,Thomas Partey,25000000.0,6711463.5,18.0
216,Pedri,90000000.0,15505472.0,74.0
217,Carles Pérez,4000000.0,15999419.0,12.0
218,Kike Pérez,3000000.0,3170736.25,1.0
219,Matteo Pessina,15000000.0,13973950.0,1.0
220,Tommaso Pobega,12000000.000000002,11028637.0,0.0
221,Julien Ponceau,3000000.0,7066415.5,5.0
222,Portu,3500000.0,9871012.0,7.0
223,Grischa Prömel,7000000.0,6118609.5,0.0
224,Adrien Rabiot,40000000.0,9041290.0,30.0
225,Aaron Ramsey,15000000.0,20707808.0,6.0
226,Jacob Ramsey,42000000.0,19512774.0,22.0
227,Harrison Reed,18000000.0,11472724.0,6.0
228,Jeff Reine-Adélaïde,3000000.0,6558775.0,4.0
229,Reinier,4000000.0,1424483.125,2.0
230,Marco Reus,7000000.0,5230472.5,1.0
231,Samuele Ricci,20000000.0,8245317.0,11.0
232,Declan Rice,110000000.0,19732448.0,90.0
233,Rodrigo Riquelme,25000000.0,21278754.0,3.0
234,Lucas Robertone,7000000.0,18591012.0,12.0
235,Marc Roca,10000000.0,1692229.5,8.0
236,Sebastian Rode,1000000.0,2126753.5,2.0
237,Rodri,110000000.0,17792234.0,92.0
238,Dani Rodríguez,1200000.0,3432151.25,3.0
239,Guido Rodríguez,24000000.0,2403318.25,21.0
240,Oriol Romeu,3000000.0,8024450.5,6.0
241,Valentin Rongier,18000000.0,10608680.0,7.0
242,Marten de Roon,8000000.0,1210863.75,6.0
243,Pablo Rosario,7000000.0,6412143.5,0.0
244,Nicolò Rovella,18000000.0,6594092.5,11.0
245,Marcel Sabitzer,20000000.0,11379323.0,8.0
246,Albert Sambi Lokonga,12000000.000000002,-690260.0,12.0
247,Fede San Emeterio,1500000.0,5318765.5,4.0
248,Oihan Sancet,35000000.0,36983840.0,2.0
249,Renato Sanches,10000000.0,4833117.5,5.0
250,Antonio Sánchez,2500000.0,-123944.03125,2.0
251,Morgan Sanson,7000000.0,312259.1875,6.0
252,Baptiste Santamaria,12000000.000000002,8456941.0,3.0
253,András Schäfer,4000000.0,-6177759.5,10.0
254,Xaver Schlager,28000000.0,6212739.5,21.0
255,Jeffrey Schlupp,7000000.0,1067058.25,5.0
256,Romano Schmid,6500000.000000001,-3102811.25,9.0
257,Niklas Schmidt,3000000.0,13942409.0,11.0
258,Jerdy Schouten,22000000.0,14577042.0,7.0
259,Stefano Sensi,4000000.0,2789537.75,1.0
260,Suat Serdar,4000000.0,2935283.0,1.0
261,Jonjo Shelvey,3300000.0,8927223.0,6.0
262,Vincent Sierro,2000000.0,6483223.0,5.0
263,Bernardo Silva,80000000.0,14921963.0,65.0
264,Ibrahima Sissoko,5000000.0,759226.875,4.0
265,Moussa Sissoko,1200000.0,1752208.0,1.0
266,Ellyes Skhiri,13000000.0,16015603.0,4.0
267,Oliver Skipp,15000000.0,11021008.0,3.0
268,Rubén Sobrino,1800000.0,8222100.5,7.0
269,Carlos Soler,20000000.0,9359922.0,10.0
270,Boubakary Soumaré,13999999.999999998,-1173775.0,15.0
271,Djibril Sow,18000000.0,14277306.0,3.0
272,Stijn Spierings,5000000.0,1865280.125,3.0
273,Anton Stach,15000000.0,14809461.0,0.0
274,Jens Stage,6000000.0,8397664.0,3.0
275,Angelo Stiller,13999999.999999998,13285980.0,0.0
276,Kevin Stöger,3000000.0,4210746.0,2.0
277,Denis Suárez,2000000.0,6218769.0,5.0
278,Ibrahim Sulemana,3500000.0,11395289.0,8.0
279,Mattias Svanberg,18000000.0,15126328.0,2.0
280,Flavien Tait,3000000.0,10091214.0,8.0
281,Renato Tapia,5000000.0,419810.8125,4.0
282,Aurélien Tchouaméni,90000000.0,20592550.0,69.0
283,Ramón Terrats,4000000.0,9545549.0,6.0
284,Martin Terrier,22000000.0,19960020.0,2.0
285,Morten Thorsby,3200000.0,-1010153.25,4.0
286,Kristian Thorstvedt,7499999.999999999,13877735.0,7.0
287,Khéphren Thuram,40000000.0,10029715.0,29.0
288,Youri Tielemans,20000000.0,13387708.0,6.0
289,Corentin Tolisso,5000000.0,14962151.0,10.0
290,Sandro Tonali,40000000.0,18928860.0,21.0
291,Lucas Torró,8000000.0,9735131.0,2.0
292,Lucas Tousart,7000000.0,-87452.9375,7.0
293,Manu Trigueros,2500000.0,2973738.75,1.0
294,Óscar Valentín,5000000.0,9752878.0,5.0
295,Federico Valverde,100000000.0,26712344.0,73.0
296,Matías Vecino,3000000.0,5361789.5,3.0
297,Jordan Veretout,15000000.0,7598593.0,7.0
298,Mikel Vesga,5000000.0,11828338.0,7.0
299,Tonny Vilhena,3500000.0,9779185.0,7.0
300,Toni Villa,2000000.0,5289132.0,4.0
301,Gonzalo Villar,2800000.0,8512204.0,6.0
302,Vitinha,45000000.0,13389372.0,31.0
303,Vitinha,45000000.0,14775942.0,30.0
304,Walace,7000000.0,6648633.0,0.0
305,James Ward-Prowse,38000000.0,15378672.0,22.0
306,Julian Weigl,10000000.0,10881715.0,1.0
307,Joe Willock,35000000.0,18865558.0,16.0
308,Granit Xhaka,20000000.0,20908258.0,1.0
309,Ryan Yates,12000000.000000002,2410601.75,9.0
310,Denis Zakaria,22000000.0,10805564.0,11.0
311,Oier Zarraga,2700000.0,10841997.0,9.0
312,Piotr Zieliński,30000000.0,7854178.0,22.0
313,Martín Zubimendi,50000000.0,11950174.0,38.0
314,Martin Ødegaard,90000000.0,26826648.0,63.0
315,Abner,7000000.0,19350214.0,13.0
316,Marcos Acuña,6000000.0,8095751.0,3.0
317,Ruben Aguilar,6000000.0,10380051.0,5.0
318,Ola Aina,8000000.0,7326636.5,0.0
319,Nathan Aké,40000000.0,12064694.0,27.0
320,Sergio Akieme,8000000.0,13869412.0,6.0
321,Trent Alexander-Arnold,70000000.0,13120196.0,56.0
322,Jim Allevinah,2000000.0,4093373.0,3.0
323,Gastón Álvarez,10000000.0,12239117.0,3.0
324,Kelvin Amian,2200000.0,16759627.0,15.0
325,Angeliño,8000000.0,5009027.5,2.0
326,Fabrizio Angileri,1500000.0,7786633.0,7.0
327,Lorenz Assignon,10000000.0,6877971.5,3.0
328,Youcef Atal,6000000.0,9701878.0,4.0
329,Tommaso Augello,2000000.0,8307198.5,7.0
330,Serge Aurier,7000000.0,3617706.5,3.0
331,César Azpilicueta,4000000.0,3164160.75,0.0
332,Mitchel Bakker,8000000.0,15050599.0,8.0
333,Ridle Baku,10000000.0,12185744.0,3.0
334,Alejandro Balde,50000000.0,23774462.0,26.0
335,Iván Balliu,3500000.0,4128318.75,1.0
336,Fodé Ballo-Touré,3000000.0,4373883.5,2.0
337,Melvin Bard,12000000.000000002,9710873.0,2.0
338,Jérémie Bela,1000000.0,2268148.5,2.0
339,Raoul Bellanova,7000000.0,12522846.0,6.0
340,Ramy Bensebaini,12000000.000000002,18958680.0,7.0
341,Yuri Berchiche,2000000.0,6393307.5,5.0
342,Juan Bernat,6000000.0,6285356.0,1.0
343,Cristiano Biraghi,4000000.0,8684272.0,5.0
344,Samuele Birindelli,2500000.0,10923034.0,9.0
345,Daley Blind,3000000.0,8152280.0,6.0
346,Neto Borges,3500000.0,11331540.0,8.0
347,Hugo Bueno,6000000.0,17018762.0,12.0
348,Dan Burn,10000000.0,6909861.0,3.0
349,Maxime Busi,2000000.0,6944473.0,5.0
350,Aurélio Buta,8000000.0,14072144.0,7.0
351,Jimmy Cabot,3000000.0,15960524.0,13.0
352,Liberato Cacace,2000000.0,9415180.0,8.0
353,Anthony Caci,7000000.0,9455079.0,3.0
354,Davide Calabria,15000000.0,6758337.0,8.0
355,Andrea Cambiaso,15000000.0,14116510.0,0.0
356,João Cancelo,40000000.0,12208061.0,27.0
357,Matty Cash,28000000.0,9665163.0,18.0
358,Timothy Castagne,17000000.0,15803823.0,1.0
359,Zeki Çelik,6000000.0,7545600.0,2.0
360,Álex Centelles,1200000.0,7752348.5,7.0
361,Fabien Centonze,3000000.0,5882493.5,3.0
362,Ben Chilwell,30000000.0,15400254.0,14.0
363,Patrick Ciurria,5000000.0,15108439.0,11.0
364,Jonathan Clauss,15000000.0,15086226.0,1.0
365,Nathaniel Clyne,1500000.0,8218473.5,7.0
366,Thierry Correia,8000000.0,8411380.0,1.0
367,Danny da Costa,1500000.0,5423010.0,4.0
368,Jaume Costa,1000000.0,4180779.25,4.0
369,Yan Couto,12000000.000000002,3585959.75,8.0
370,Nicolas Cozza,3500000.0,2650004.25,0.0
371,Aaron Cresswell,900000.0,2674803.75,2.0
372,Juan Cuadrado,2000000.0,6219351.5,5.0
373,Marc Cucurella,25000000.0,14946882.0,10.0
374,Diogo Dalot,35000000.0,19257308.0,15.0
375,Alphonso Davies,70000000.0,17171534.0,52.0
376,Mattia De Sciglio,2000000.0,6376621.0,5.0
377,Lorenzo De Silvestri,400000.0,3517612.0,4.0
378,Thibault De Smet,4000000.0,7177152.0,4.0
379,Thomas Delaine,1200000.0,6426714.5,6.0
380,Mikkel Desler,3000000.0,6747549.5,4.0
381,Sergiño Dest,18000000.0,-22003.40625,18.0
382,Giovanni Di Lorenzo,22000000.0,24311390.0,3.0
383,Bafodé Diakité,15000000.0,11191949.0,3.0
384,Moussa Diarra,1500000.0,700992.5,0.0
385,Lucas Digne,15000000.0,9266049.0,5.0
386,Federico Dimarco,50000000.0,19340016.0,30.0
387,Junior Dina Ebimbe,13999999.999999998,17866100.0,4.0
388,Moussa Djenepo,5000000.0,12437241.0,8.0
389,Dodô,20000000.0,14896392.0,5.0
390,Matt Doherty,4000000.0,13213554.0,10.0
391,Josh Doig,7000000.0,19493748.0,13.0
392,Souleyman Doumbia,2000000.0,1811896.5,0.0
393,Denzel Dumfries,30000000.0,11597581.0,18.0
394,Tyronne Ebuehi,2500000.0,6692485.5,5.0
395,Kingsley Ehizibue,2500000.0,9189487.0,7.0
396,Aritz Elustondo,9000000.0,6179999.0,2.0
397,Alfonso Espino,3000000.0,10123020.0,8.0
398,Pervis Estupiñán,35000000.0,17939252.0,17.0
399,Noah Fadiga,1000000.0,8352677.0,8.0
400,Davide Faraoni,2000000.0,2763970.5,1.0
401,Kiko Femenía,1500000.0,4554678.5,4.0
402,Kilian Fischer,1500000.0,10773296.0,10.0
403,Thomas Foket,7000000.0,6317264.0,0.0
404,Dimitri Foulquier,2500000.0,3667146.5,2.0
405,Juan Foyth,25000000.0,11330599.0,13.0
406,Ryan Fredericks,1500000.0,1544394.25,1.0
407,Iván Fresneda,13000000.0,17278510.0,5.0
408,Jeremie Frimpong,50000000.0,30157588.0,19.0
409,Javi Galán,7000000.0,7675740.0,1.0
410,Antonino Gallo,2500000.0,7743804.5,6.0
411,Raphaël Guerreiro,15000000.0,22057996.0,8.0
412,Malo Gusto,25000000.0,29508344.0,5.0
413,Theo Hernández,55000000.0,13425590.0,41.0
414,Aaron Hickey,30000000.0,6917662.5,23.0
415,Ismaily,2000000.0,7573539.5,6.0
416,Ismail Jakobs,8000000.0,15932489.0,8.0
417,Reece James,50000000.0,22694706.0,27.0
418,Ben Johnson,8000000.0,733465.125,7.0
419,Anthony Jung,1000000.0,4528879.0,4.0
420,Issa Kaboré,10000000.0,6881947.5,3.0
421,Rick Karsdorp,7000000.0,4793566.5,2.0
422,Grigoris Kastanos,1800000.0,11158297.0,10.0
423,Ansgar Knauff,8000000.0,20247058.0,13.0
424,Darko Lazović,2000000.0,6751157.0,5.0
425,Jordan Lotomba,8000000.0,8317825.5,1.0
426,Deiver Machado,4000000.0,11071201.0,8.0
427,Pablo Maffeo,8000000.0,11539110.0,4.0
428,Ainsley Maitland-Niles,5000000.0,12919081.0,8.0
429,Tyrell Malacia,18000000.0,8757484.0,9.0
430,Reinildo Mandava,16000000.0,3871260.25,12.0
431,Óscar de Marcos,1800000.0,7323579.5,6.0
432,Aarón Martín,5000000.0,10522803.0,6.0
433,Philipp Max,2000000.0,7872015.0,6.0
434,Noussair Mazraoui,30000000.0,15300083.0,14.0
435,Pasquale Mazzocchi,4000000.0,15406867.0,12.0
436,Birger Meling,4000000.0,11774359.0,8.0
437,Nuno Mendes,60000000.0,18444902.0,41.0
438,Antoine Mendy,800000.0,7309065.0,7.0
439,Ferland Mendy,20000000.0,2140200.0,17.0
440,Quentin Merlin,10000000.0,18490238.0,9.0
441,Thomas Meunier,2500000.0,5563430.0,4.0
442,Óscar Mingueza,6000000.0,5427102.5,0.0
443,Juan Miranda,9000000.0,8147775.0,0.0
444,Tyrick Mitchell,22000000.0,4567356.0,17.0
445,Maximilian Mittelstädt,5000000.0,11888986.0,7.0
446,Johan Mojica,2500000.0,2085427.0,0.0
447,Nahuel Molina,45000000.0,15816686.0,29.0
448,Gonzalo Montiel,10000000.0,3244579.25,6.0
449,Martín Montoya,900000.0,4711382.0,4.0
450,Alberto Moreno,2000000.0,3220937.0,2.0
451,Álex Moreno,10000000.0,12128669.0,3.0
452,Nordi Mukiele,12000000.000000002,13717896.0,2.0
453,Aihen Muñoz,8000000.0,10569252.0,3.0
454,Vitaliy Mykolenko,28000000.0,8527096.0,19.0
455,Nikolas Nartey,800000.0,3733365.0,3.0
456,Jesús Navas,3000000.0,5010374.0,3.0
457,Luca Netz,10000000.0,11871622.0,2.0
458,Lucas Olaza,3000000.0,4407187.5,2.0
459,Mathías Olivera,17000000.0,17402424.0,1.0
460,Jordi Osei-Tutu,800000.0,3002650.25,3.0
461,Emerson Palmieri,12000000.000000002,9845981.0,2.0
462,Fabiano Parisi,9500000.0,19667324.0,11.0
463,Nathan Patterson,15000000.0,11636638.0,3.0
464,Mads Pedersen,3500000.0,7739819.5,5.0
465,Alfonso Pedraza,12000000.000000002,13393007.0,2.0
466,Luca Pellegrini,4000000.0,6021216.0,3.0
467,Rubén Peña,2500000.0,5909904.5,4.0
468,Roberto Pereyra,3000000.0,10996350.0,8.0
469,Romain Perraud,9000000.0,4033816.25,4.0
470,Giuseppe Pezzella,2200000.0,8425817.0,7.0
471,Pedro Porro,45000000.0,21018334.0,23.0
472,Stefan Posch,13999999.999999998,14616966.0,1.0
473,David Raum,17000000.0,14230789.0,2.0
474,Diego Rico,3500000.0,1583791.75,1.0
475,Sergi Roberto,3000000.0,6985096.5,4.0
476,Andrew Robertson,35000000.0,15007284.0,19.0
477,Antonee Robinson,20000000.0,16484397.0,3.0
478,Mads Roerslev,8000000.0,4843003.5,3.0
479,Rogério,7499999.999999999,14458274.0,7.0
480,Jérôme Roussillon,2500000.0,4197229.0,2.0
481,Matteo Ruggeri,15000000.0,19377212.0,5.0
482,Mário Rui,5000000.0,13016106.0,9.0
483,Aitor Ruibal,5000000.0,9478281.0,5.0
484,Julian Ryerson,15000000.0,8324504.5,6.0
485,Youssouf Sabaly,4000000.0,10564739.0,7.0
486,Falaye Sacko,4000000.0,9376740.0,6.0
487,Théo Sainte-Luce,2000000.0,7623216.5,6.0
488,Junior Sambia,2500000.0,13227155.0,11.0
489,Joe Scally,12000000.000000002,8343208.0,3.0
490,Kingsley Schindler,800000.0,7202811.0,7.0
491,Benno Schmitz,2000000.0,1368870.625,0.0
492,Nélson Semedo,15000000.0,6021056.5,8.0
493,Ryan Sessegnon,13000000.0,7980947.0,5.0
494,Luke Shaw,38000000.0,16121446.0,21.0
495,Kiliann Sildillia,18000000.0,7391477.5,10.0
496,Mohamed Simakan,35000000.0,17711938.0,17.0
497,Wilfried Singo,18000000.0,19705002.0,2.0
498,Robert Skov,6500000.000000001,6573207.0,1.0
499,Adam Smith,1000000.0,5014351.0,5.0
500,Danilo Soares,1000000.0,1814276.375,1.0
501,Eduard Sobol,2000000.0,404394.5,1.0
502,Borna Sosa,8000000.0,22446794.0,15.0
503,Djed Spence,8000000.0,2248230.5,5.0
504,Leonardo Spinazzola,7499999.999999999,6285942.5,1.0
505,Gabriel Suazo,3000000.0,9397476.0,7.0
506,Issiaga Sylla,2500000.0,8370345.0,6.0
507,Nicolás Tagliafico,8000000.0,9055000.0,2.0
508,Matt Targett,10000000.0,5527768.5,4.0
509,Nuno Tavares,16000000.0,11514277.0,4.0
510,Enzo Tchato,2000000.0,5968442.5,4.0
511,Filippo Terracciano,3500000.0,16732108.0,14.0
512,Kenny Tete,15000000.0,7689289.0,7.0
513,Kieran Tierney,18000000.0,2214160.5,15.0
514,Harry Toffolo,5000000.0,3309961.0,1.0
515,Jeremy Toljan,4500000.0,2712436.25,1.0
516,Takehiro Tomiyasu,30000000.0,7075256.5,22.0
517,Hamari Traoré,9000000.0,11334117.0,3.0
518,Christopher Trimmel,800000.0,3908121.75,4.0
519,Kieran Trippier,11000000.0,12799777.0,2.0
520,Adrien Truffert,18000000.0,15631048.0,2.0
521,Josha Vagnoman,8000000.0,11788361.0,4.0
522,Emanuele Valeri,2300000.0,3244547.75,1.0
523,Vanderson,20000000.0,22707666.0,3.0
524,Lucas Vázquez,5000000.0,9442488.0,5.0
525,Joël Veltman,10000000.0,5941645.0,4.0
526,Lorenzo Venuti,1500000.0,4939781.0,4.0
527,Nacho Vidal,2500000.0,2210091.5,0.0
528,Mërgim Vojvoda,3500000.0,8220120.5,5.0
529,Kyle Walker,13000000.0,7435427.0,5.0
530,Aaron Wan-Bissaka,20000000.0,7528318.5,12.0
531,Joel Ward,1000000.0,2447342.75,2.0
532,Timothy Weah,13999999.999999998,19850760.0,6.0
533,Mitchell Weiser,6000000.0,12103355.0,7.0
534,Ben White,55000000.0,12733301.0,42.0
535,Silvan Widmer,3500000.0,10421021.0,7.0
536,Neco Williams,17000000.0,9232231.0,7.0
537,Marius Wolf,6500000.000000001,8949996.0,3.0
538,Darlin Yongwa,1500000.0,12496326.0,11.0
539,Ashley Young,600000.0,7457588.5,7.0
540,Nicola Zalewski,16000000.0,6971012.0,9.0
541,Alessandro Zanoli,6000000.0,5810307.0,0.0
542,Davide Zappacosta,6000000.0,11398424.0,6.0
543,Mehdi Zeffane,600000.0,3062182.0,3.0
544,Jordan Zemura,6000000.0,10978751.0,5.0
545,Oleksandr Zinchenko,42000000.0,13758343.0,28.0
546,Nadir Zortea,2000000.0,8096351.0,7.0
547,Matthis Abline,4500000.0,2116421.75,2.0
548,Tammy Abraham,35000000.0,10084124.0,24.0
549,Sargis Adamyan,700000.0,8323616.5,8.0
550,Ludovic Ajorque,7000000.0,8161465.5,2.0
551,Julián Álvarez,90000000.0,19750086.0,70.0
552,Michail Antonio,6000000.0,3530363.75,2.0
553,Arthur,5000000.0,17461980.0,13.0
554,Iago Aspas,4000000.0,7006841.5,4.0
555,Pierre-Emerick Aubameyang,4000000.0,12354123.0,9.0
556,Taiwo Awoniyi,28000000.0,13008925.0,14.0
557,Sardar Azmoun,10000000.0,912127.8125,9.0
558,Folarin Balogun,30000000.0,21665954.0,8.0
559,Christoph Baumgartner,24000000.0,20045138.0,3.0
560,Ihlas Bebou,4000000.0,8622237.0,5.0
561,Sheraldo Becker,12000000.000000002,8727413.0,3.0
562,Kevin Behrens,4000000.0,-3893299.5,7.0
563,Andrea Belotti,6000000.0,2081875.0,3.0
564,Eliesse Ben Seghir,18000000.0,15797594.0,2.0
565,Wissam Ben Yedder,10000000.0,4909111.0,5.0
566,Mergim Berisha,12000000.000000002,11385508.0,0.0
567,Beto,22000000.0,14187080.0,7.0
568,El Bilal Touré,20000000.0,12456928.0,7.0
569,Federico Bonazzoli,3000000.0,1244740.625,1.0
570,Rafael Borré,8000000.0,915831.8125,7.0
571,Lucas Boyé,7000000.0,14002069.0,8.0
572,Ante Budimir,5000000.0,11466805.0,7.0
573,Dominic Calvert-Lewin,22000000.0,3710388.5,18.0
574,Nicolò Cambiaghi,7499999.999999999,4686327.0,2.0
575,Sergio Camello,4000000.0,14584669.0,11.0
576,Francesco Caputo,1300000.0,19731762.0,19.0
577,Lorenzo Colombo,7000000.0,2579164.0,4.0
578,Ángel Correa,20000000.0,10251789.0,9.0
579,Joaquín Correa,10000000.0,948593.4375,9.0
580,Matheus Cunha,32000000.000000004,13619217.0,18.0
581,Thijs Dallinga,15000000.0,11101212.0,3.0
582,Arnaut Danjuma,17000000.0,1301534.25,15.0
583,Jonathan David,50000000.0,11285355.0,38.0
584,Grégoire Defrel,1000000.0,6907512.0,6.0
585,Cyriel Dessers,4000000.0,11399580.0,8.0
586,Mattia Destro,800000.0,24322430.0,24.0
587,Gerard Deulofeu,7000000.0,11887249.0,5.0
588,Ángel Di María,5000000.0,4986615.5,0.0
589,Boulaye Dia,18000000.0,10794985.0,7.0
590,Bamba Dieng,7000000.0,5614369.0,1.0
591,Kasper Dolberg,10000000.0,16108293.0,7.0
592,Marvin Ducksch,9000000.0,10267268.0,2.0
593,Jhon Durán,17000000.0,-2463191.5,19.0
594,Hugo Duro,8000000.0,7494767.0,0.0
595,Breel Embolo,12000000.000000002,10518347.0,1.0
596,Youssef En-Nesyri,18000000.0,5827367.0,12.0
597,Radamel Falcao,1200000.0,10803562.0,10.0
598,João Félix,40000000.0,2573163.25,37.0
599,Evan Ferguson,65000000.0,21698692.0,43.0
600,Carlos Fernández,3000000.0,8051115.0,6.0
601,Niclas Füllkrug,13000000.0,9594099.0,3.0
602,Adolfo Gaich,1600000.0,320113.34375,1.0
603,Cody Gakpo,50000000.0,19545142.0,30.0
604,Kévin Gameiro,1000000.0,1505317.125,1.0
605,Ignatius Ganago,3500000.0,12212930.0,9.0
606,Olivier Giroud,4000000.0,1535281.625,2.0
607,Antoine Griezmann,25000000.0,23759736.0,1.0
608,Erling Haaland,180000000.0,24262968.0,155.0
609,Kai Havertz,55000000.0,19407972.0,35.0
610,Philipp Hofmann,2500000.0,8466709.0,6.0
611,Rasmus Højlund,65000000.0,20225242.0,44.0
612,Nicolas Jackson,35000000.0,32477026.0,2.0
613,Fredrik Jensen,3500000.0,3736042.75,1.0
614,Gabriel Jesus,70000000.0,19872296.0,50.0
615,Raúl Jiménez,6000000.0,7878177.5,2.0
616,Willian José,6000000.0,9960588.0,4.0
617,Joselu,5000000.0,1296932.0,3.0
618,Luka Jović,5000000.0,1715209.25,3.0
619,Tino Kadewere,2500000.0,2119121.75,0.0
620,Arnaud Kalimuendo,20000000.0,15184221.0,4.0
621,Harry Kane,110000000.0,17673928.0,92.0
622,Wilfried Kanga,3500000.0,4059246.75,1.0
623,Moise Kean,18000000.0,6699717.5,11.0
624,Randal Kolo Muani,70000000.0,23082052.0,46.0
625,Alexandre Lacazette,10000000.0,13834554.0,4.0
626,Cyle Larin,5000000.0,16029580.0,12.0
627,Robert Lewandowski,20000000.0,17357362.0,2.0
628,José Luis Morales,2500000.0,1691695.0,0.0
629,Romelu Lukaku,35000000.0,3508195.75,31.0
630,Daniel Maldini,3000000.0,2877036.75,0.0
631,Omar Marmoush,15000000.0,15031495.0,1.0
632,Roger Martí,2000000.0,21874032.0,20.0
633,Anthony Martial,15000000.0,968319.25,14.0
634,Lautaro Martínez,110000000.0,16533109.0,93.0
635,Jean-Philippe Mateta,7000000.0,6564989.0,0.0
636,Neal Maupay,10000000.0,1222630.25,8.0
637,Eric Maxim Choupo-Moting,3000000.0,1437020.875,1.0
638,Borja Mayoral,15000000.0,13851450.0,1.0
639,Kylian Mbappé,180000000.0,19518372.0,160.0
640,Sven Michel,900000.0,5799331.5,5.0
641,Arkadiusz Milik,7000000.0,8263427.5,2.0
642,Rafa Mir,5000000.0,10967454.0,6.0
643,Terem Moffi,25000000.0,14487148.0,10.0
644,Mostafa Mohamed,9000000.0,14306710.0,6.0
645,Álvaro Morata,20000000.0,8328034.5,11.0
646,Gerard Moreno,15000000.0,12847846.0,2.0
647,Dany Mota,5000000.0,13952621.0,9.0
648,Youssoufa Moukoko,30000000.0,11819638.0,18.0
649,Thomas Müller,10000000.0,10117120.0,1.0
650,Vedat Muriqi,15000000.0,12852862.0,2.0
651,Jessic Ngankam,3000000.0,-575248.75,3.0
652,M'Baye Niang,2700000.0,2876190.75,1.0
653,Eddie Nketiah,35000000.0,14506824.0,20.0
654,Christopher Nkunku,75000000.0,26702984.0,48.0
655,Lukas Nmecha,9000000.0,4988727.0,4.0
656,Darwin Núñez,65000000.0,21711088.0,43.0
657,M'Bala Nzola,10000000.0,13895435.0,4.0
658,David Okereke,2700000.0,1566199.875,1.0
659,Karim Onisiwo,2800000.0,8269386.5,6.0
660,Loïs Openda,55000000.0,23178022.0,31.0
661,Divock Origi,5000000.0,2093512.25,2.0
662,Victor Osimhen,110000000.0,17137682.0,92.0
663,Mikel Oyarzabal,50000000.0,15206500.0,34.0
664,Gonçalo Paciência,1700000.0,2054485.25,1.0
665,Paulinho,6500000.000000001,7981093.5,2.0
666,Pietro Pellegri,3500000.0,5121811.5,2.0
667,Ricardo Pepi,11000000.0,12908078.0,2.0
668,Andrea Petagna,6500000.000000001,938317.25,5.0
669,Luca Pfeiffer,1700000.0,11782112.0,11.0
670,Maximilian Philipp,2000000.0,1937386.875,0.0
671,Roberto Piccoli,3500000.0,5546010.0,3.0
672,Andrea Pinamonti,15000000.0,10954862.0,4.0
673,Sebastian Polter,700000.0,3585948.5,3.0
674,Ezequiel Ponce,3000000.0,9807155.0,7.0
675,Yussuf Poulsen,7000000.0,8729105.0,2.0
676,Largie Ramazani,6000000.0,7444611.0,2.0
677,Chris Ramos,3000000.0,13794892.0,11.0
678,Wesley Saïd,3000000.0,8897761.0,6.0
679,Antonio Sanabria,9500000.0,9309830.0,0.0
680,Alexis Sánchez,2500000.0,4768123.5,3.0
681,Nicola Sansone,1200000.0,4629342.0,4.0
682,Amin Sarr,4000000.0,2650260.75,1.0
683,Gianluca Scamacca,25000000.0,10571210.0,14.0
684,Patrik Schick,22000000.0,10255081.0,11.0
685,Davie Selke,3500000.0,6970263.0,4.0
686,Antoine Semenyo,10000000.0,12070012.0,3.0
687,Eldor Shomurodov,5000000.0,2003160.625,2.0
688,André Silva,7499999.999999999,1040106.5,6.0
689,Abdallah Sima,7000000.0,2525136.0,4.0
690,Giovanni Simeone,13000000.0,8923152.0,4.0
691,Islam Slimani,1300000.0,12244552.0,11.0
692,Dominic Solanke,25000000.0,14364699.0,10.0
693,Jørgen Strand Larsen,15000000.0,15532716.0,1.0
694,Cristhian Stuani,2000000.0,13990497.0,12.0
695,Isaac Success,3500000.0,5024907.0,2.0
696,Alexander Sørloth,13999999.999999998,17818344.0,4.0
697,Mathys Tel,50000000.0,19002300.0,30.0
698,Florian Thauvin,3000000.0,5319811.5,3.0
699,Marcus Thuram,55000000.0,21566234.0,33.0
700,Steffen Tigges,2000000.0,8912309.0,7.0
701,Raúl de Tomás,5000000.0,11352364.0,7.0
702,Ivan Toney,35000000.0,6647445.5,28.0
703,Enes Ünal,25000000.0,1289406.125,23.0
704,Deniz Undav,17000000.0,1007939.6875,15.0
705,Carlos Vinícius,6000000.0,2396329.5,3.0
706,Dušan Vlahović,60000000.0,10733975.0,49.0
707,Kevin Volland,5000000.0,8400963.0,4.0
708,Elye Wahi,40000000.0,22930660.0,17.0
709,Luca Waldschmidt,3000000.0,1030869.875,1.0
710,Ollie Watkins,60000000.0,18818212.0,41.0
711,Wout Weghorst,9000000.0,3065216.25,5.0
712,Shon Weissman,2000000.0,15890004.0,14.0
713,Danny Welbeck,6000000.0,1661880.5,4.0
714,Timo Werner,17000000.0,3209118.75,13.0
715,Iñaki Williams,25000000.0,17774238.0,7.0
716,Callum Wilson,13000000.0,5503916.0,7.0
717,Jonas Wind,25000000.0,9395403.0,15.0
718,Chris Wood,7000000.0,23813410.0,17.0
719,Duván Zapata,8000000.0,976999.9375,7.0
720,Joshua Zirkzee,30000000.0,10981918.0,19.0
721,Brenden Aaronson,13999999.999999998,1109399.5,12.0
722,Zakaria Aboukhlal,10000000.0,12661230.0,3.0
723,Karim Adeyemi,28000000.0,14855706.0,13.0
724,Amine Adli,25000000.0,10409403.0,14.0
725,Michel Aebischer,6000000.0,17870902.0,12.0
726,Carlos Alcaraz,15000000.0,-1666366.0,16.0
727,Miguel Almirón,30000000.0,9793450.0,20.0
728,Felipe Anderson,10000000.0,5040879.5,4.0
729,Antony,35000000.0,13842492.0,21.0
730,Christopher Antwi-Adjei,2200000.0,32247.625,2.0
731,Houssem Aouar,13000000.0,17332770.0,5.0
732,Takuma Asano,4000000.0,1452945.5,2.0
733,Marco Asensio,20000000.0,12244427.0,7.0
734,Jordan Ayew,4000000.0,3776322.25,0.0
735,Leon Bailey,30000000.0,11694863.0,18.0
736,Nedim Bajrami,6000000.0,-4114745.0,10.0
737,Tommaso Baldanzi,15000000.0,13147889.0,1.0
738,Jonathan Bamba,13999999.999999998,11847785.0,2.0
739,Lameck Banda,6000000.0,7816132.5,2.0
740,Léo Baptistão,1800000.0,6286216.0,5.0
741,Bradley Barcola,30000000.0,22351406.0,7.0
742,Kike Barja,2500000.0,7799212.5,6.0
743,Harvey Barnes,35000000.0,16632793.0,18.0
744,Saïd Benrahma,22000000.0,1081207.25,20.0
745,Domenico Berardi,20000000.0,14879760.0,5.0
746,Álex Berenguer,12000000.000000002,354182.4375,11.0
747,Mitchell van Bergen,1200000.0,12407479.0,12.0
748,Ludovic Blas,20000000.0,15914028.0,4.0
749,Badredine Bouanani,6000000.0,3897700.0,2.0
750,Jarrod Bowen,50000000.0,24031076.0,25.0
751,Julian Brandt,40000000.0,12178947.0,27.0
752,Marius Bülter,3000000.0,7133920.0,5.0
753,Facundo Buonanotte,12000000.000000002,9457011.0,2.0
754,Jonathan Burkardt,7000000.0,9481723.0,3.0
755,Jamie Bynoe-Gittens,28000000.0,16977610.0,11.0
756,Rémy Cabella,4000000.0,13971295.0,10.0
757,Tom Cairney,2000000.0,3887328.25,2.0
758,Matteo Cancellieri,4800000.0,921464.875,3.0
759,Antonio Candreva,1500000.0,5328488.0,4.0
760,Gianluca Caprari,5000000.0,6636132.0,2.0
761,Samu Castillejo,1700000.0,49265.421875,1.0
762,Yoann Cathline,1500000.0,868242.6875,0.0
763,Rayan Cherki,25000000.0,13452670.0,11.0
764,Federico Chiesa,50000000.0,3676019.25,46.0
765,Ryan Christie,12000000.000000002,10812467.0,1.0
766,Samuel Chukwueze,23000000.0,19477282.0,3.0
767,Alexis Claude-Maurice,4000000.0,119828.265625,3.0
768,Marcus Coco,1500000.0,3553054.25,3.0
769,Andrea Colpani,15000000.0,16297050.0,2.0
770,Kingsley Coman,65000000.0,18349240.0,46.0
771,David Pereira da Costa,6000000.0,9490540.0,4.0
772,Charles De Ketelaere,25000000.0,1152145.25,23.0
773,Ousmane Dembélé,60000000.0,21612142.0,38.0
774,Moussa Diaby,60000000.0,19676112.0,40.0
775,Brahim Díaz,20000000.0,13558652.0,6.0
776,Luis Díaz,75000000.0,12516951.0,62.0
777,Sofiane Diop,15000000.0,13920550.0,1.0
778,Ritsu Doan,18000000.0,-3088399.0,21.0
779,Paulo Dybala,25000000.0,6404388.5,18.0
780,Malcolm Ebiowei,3000000.0,1225452.875,1.0
781,Chidera Ejuke,5000000.0,-155156.375,5.0
782,Anthony Elanga,18000000.0,15321428.0,2.0
783,Romain Faivre,15000000.0,16989668.0,2.0
784,Ansu Fati,30000000.0,4865804.0,25.0
785,Nabil Fekir,12000000.000000002,7140932.5,4.0
786,Lewis Ferguson,18000000.0,12942427.0,5.0
787,Bruno Fernandes,70000000.0,14875182.0,55.0
788,Alexis Flips,3500000.0,3312975.25,0.0
789,Phil Foden,110000000.0,20189804.0,89.0
790,Pablo Fornals,17000000.0,16752400.0,0.0
791,Chris Führich,17000000.0,16736230.0,0.0
792,Angelo Fulgini,8000000.0,11884213.0,4.0
793,Alejandro Garnacho,30000000.0,21024770.0,8.0
794,Serge Gnabry,45000000.0,15462637.0,29.0
795,Papu Gómez,2000000.0,6231502.0,5.0
796,Anthony Gordon,50000000.0,6233095.5,43.0
797,Mario Götze,7000000.0,6197804.0,0.0
798,Jack Grealish,70000000.0,14984465.0,55.0
799,Vincenzo Grifo,12000000.000000002,-768685.0625,12.0
800,Evann Guessand,5000000.0,8674703.0,4.0
801,Isco,8000000.0,10616570.0,3.0
802,Junya Ito,10000000.0,8178022.5,1.0
803,Brennan Johnson,48000000.0,12500232.0,35.0
804,Diogo Jota,50000000.0,12496859.0,37.0
805,Juanmi,8000000.0,3625227.25,4.0
806,Hamed Junior Traorè,18000000.0,-20442.09375,18.0
807,Florian Kainz,5000000.0,6553130.5,2.0
808,Yann Karamoh,3000000.0,-108921.59375,3.0
809,Wahbi Khazri,2500000.0,5337269.0,3.0
810,Justin Kluivert,11000000.0,15144281.0,5.0
811,Christian Kouamé,9000000.0,934811.5,8.0
812,Dejan Kulusevski,55000000.0,17831874.0,37.0
813,Khvicha Kvaratskhelia,80000000.0,21869286.0,58.0
814,Adam Lallana,1000000.0,7584948.5,7.0
815,Rafael Leão,90000000.0,22318600.0,67.0
816,Jesper Lindstrøm,25000000.0,16213407.0,8.0
817,Ademola Lookman,30000000.0,12083852.0,17.0
818,Hirving Lozano,22000000.0,15508186.0,6.0
819,Darwin Machís,2500000.0,2617643.0,1.0
820,James Maddison,70000000.0,20502362.0,49.0
821,Noni Madueke,25000000.0,27833094.0,3.0
822,Linton Maina,6000000.0,4600149.0,1.0
823,Donyell Malen,35000000.0,11592480.0,23.0
824,Ruslan Malinovskyi,10000000.0,10379251.0,1.0
825,Faitout Maouassa,5000000.0,-147883.625,5.0
826,Solly March,22000000.0,14288650.0,7.0
827,Marquinhos,60000000.0,24611688.0,35.0
828,Marquinhos,60000000.0,10150743.0,49.0
829,Bryan Mbeumo,38000000.0,10695865.0,27.0
830,Dwight McNeil,20000000.0,14273233.0,5.0
831,Junior Messias,3000000.0,7298289.0,5.0
832,Takumi Minamino,12000000.000000002,7249956.0,4.0
833,Kaoru Mitoma,50000000.0,16842248.0,33.0
834,Mason Mount,45000000.0,16622100.0,28.0
835,Iker Muniain,6000000.0,151481.34375,5.0
836,Jacob Murphy,15000000.0,11141465.0,3.0
837,Jamal Musiala,110000000.0,19063786.0,90.0
838,Reiss Nelson,15000000.0,16004154.0,2.0
839,Pedro Neto,42000000.0,9196757.0,32.0
840,Florian Neuhaus,9000000.0,8498325.0,0.0
841,Cyril Ngonge,6000000.0,12443301.0,7.0
842,Arnaud Nordin,7000000.0,4039326.75,2.0
843,Lucas Ocampos,12000000.000000002,3593542.0,8.0
844,Wilson Odobert,10000000.0,16191404.0,7.0
845,Michael Olise,50000000.0,17651246.0,32.0
846,Dani Olmo,50000000.0,12770298.0,37.0
847,Riccardo Orsolini,12000000.000000002,12686800.0,1.0
848,Dango Ouattara,20000000.0,17853616.0,2.0
849,Adam Ounas,5000000.0,-82310.84375,5.0
850,Lucas Paquetá,65000000.0,12184118.0,52.0
851,Kevin Paredes,5000000.0,10293510.0,6.0
852,Pedro,1500000.0,1992486.625,1.0
853,Lorenzo Pellegrini,25000000.0,7313650.5,17.0
854,Nicolas Pépé,11000000.0,40116.515625,10.0
855,Andreas Pereira,20000000.0,6780296.5,13.0
856,Ayoze Pérez,7000000.0,10200254.0,4.0
857,Daniel Podence,13000000.0,-52679.90625,13.0
858,Matteo Politano,15000000.0,10861950.0,4.0
859,Christian Pulisic,32000000.000000004,12076252.0,19.0
860,Raphinha,50000000.0,18770816.0,31.0
861,Marcus Rashford,70000000.0,22068840.0,47.0
862,Richarlison,35000000.0,12207881.0,22.0
863,Marco Richter,3500000.0,12292964.0,9.0
864,Rodrygo,100000000.0,24274388.0,75.0
865,Alexis Saelemaekers,10000000.0,1762748.125,8.0
866,Bukayo Saka,120000000.0,23022096.0,96.0
867,Mohamed Salah,65000000.0,15658301.0,49.0
868,Roland Sallai,12000000.000000002,4206472.5,7.0
869,Jadon Sancho,25000000.0,3269435.75,21.0
870,Leroy Sané,80000000.0,10489557.0,69.0
871,Riccardo Saponara,1500000.0,3788316.5,3.0
872,Pablo Sarabia,12000000.000000002,8815629.0,3.0
873,Téji Savanier,9000000.0,9578178.0,1.0
874,Kevin Schade,25000000.0,12968261.0,12.0
875,Demba Seck,2700000.0,38022.03125,2.0
876,Stephan El Shaarawy,5000000.0,5657044.0,1.0
877,Moses Simon,10000000.0,6795209.0,3.0
878,Luis Sinisterra,17000000.0,861353.0625,16.0
879,Tim Skarke,2000000.0,783834.9375,1.0
880,Manor Solomon,18000000.0,17095222.0,0.0
881,Florian Sotoca,3500000.0,12676216.0,10.0
882,Riccardo Sottil,8000000.0,8657874.0,1.0
883,Raheem Sterling,45000000.0,11042184.0,33.0
884,Suso,5000000.0,3674088.25,1.0
885,Dominik Szoboszlai,75000000.0,21414026.0,53.0
886,Marcus Tavernier,17000000.0,17293456.0,1.0
887,Tetê,20000000.0,11749636.0,8.0
888,Jan Thielmann,6500000.000000001,8046082.5,2.0
889,Adrien Thomasson,6000000.0,7085072.0,2.0
890,Tiago Tomás,8000000.0,9358170.0,2.0
891,Óliver Torres,6000000.0,-74060.15625,6.0
892,Adama Traoré,9000000.0,3475595.0,5.0
893,Óscar Trejo,2000000.0,1666499.5,0.0
894,Leandro Trossard,38000000.0,7176396.5,30.0
895,Cengiz Ünder,16000000.0,13269849.0,2.0
896,Nikola Vlašić,13000000.0,12220261.0,0.0
897,Noah Weißhaupt,7000000.0,-3451019.25,10.0
898,Nico Williams,50000000.0,16358659.0,33.0
899,Willian,3000000.0,625453.0,2.0
900,Harry Wilson,17000000.0,6803946.5,10.0
901,Patrick Wimmer,18000000.0,15394418.0,2.0
902,Florian Wirtz,100000000.0,16670091.0,83.0
903,Yoane Wissa,25000000.0,7211614.0,17.0
904,Mattia Zaccagni,25000000.0,7469937.5,17.0
905,Wilfried Zaha,17000000.0,8172351.5,8.0
906,Rodrigo Zalazar,6000000.0,15874059.0,10.0
907,Nicolò Zaniolo,25000000.0,-296464.9375,25.0
908,Edon Zhegrova,10000000.0,15795192.0,6.0
909,Hakim Ziyech,12000000.000000002,655950.625,11.0
910,Yunis Abdelhamid,700000.0,11274719.0,11.0
911,Francesco Acerbi,4000000.0,9719015.0,6.0
912,Tosin Adarabioyo,12000000.000000002,7035009.5,4.0
913,Emmanuel Agbadou,8000000.0,18497120.0,11.0
914,Nayef Aguerd,38000000.0,14203293.0,23.0
915,Joseph Aidoo,4000000.0,12157887.0,9.0
916,Kristoffer Ajer,18000000.0,9840542.0,8.0
917,Manuel Akanji,42000000.0,13984633.0,28.0
918,Kevin Akpoguma,3500000.0,11918848.0,9.0
919,David Alaba,30000000.0,11745081.0,18.0
920,Raúl Albiol,2500000.0,8805877.0,7.0
921,Omar Alderete,3000000.0,22328356.0,20.0
922,Marcos Alonso,3000000.0,9098592.0,7.0
923,Yeray Álvarez,10000000.0,12954790.0,3.0
924,Daniel Amartey,8500000.0,11006501.0,3.0
925,Joachim Andersen,35000000.0,15499780.0,19.0
926,Waldemar Anton,10000000.0,20613464.0,11.0
927,Kaan Ayhan,4500000.0,9289768.0,5.0
928,Benoît Badiashile,35000000.0,25424504.0,9.0
929,Eric Bailly,3400000.0,5298233.0,2.0
930,Leonardo Balerdi,10000000.0,11705296.0,2.0
931,Federico Baschirotto,7000000.0,14508194.0,8.0
932,Alessandro Bastoni,60000000.0,23195732.0,36.0
933,Maximilian Bauer,3500000.0,12046194.0,9.0
934,Rodrigo Becão,10000000.0,21650170.0,12.0
935,Stefan Bell,1000000.0,7411035.0,7.0
936,Jaka Bijol,10000000.0,21700000.0,12.0
937,Willy Boly,2500000.0,5581132.5,4.0
938,Kevin Bonifazi,2500000.0,1058183.625,1.0
939,Leonardo Bonucci,1500000.0,7884718.0,7.0
940,Sebastiaan Bornauw,7000000.0,12927462.0,6.0
941,Sven Botman,45000000.0,14770842.0,30.0
942,Santiago Bueno,8000000.0,17857268.0,10.0
943,Alessandro Buongiorno,22000000.0,20213612.0,1.0
944,Mattia Caldara,1200000.0,6827259.5,6.0
945,Luca Caldirola,1500000.0,4680527.0,4.0
946,Alexander Callens,1500000.0,3681842.75,3.0
947,Nicolò Casale,20000000.0,12683988.0,7.0
948,Jean-Charles Castelletto,3500000.0,18941058.0,16.0
949,Maximiliano Caufriez,3000000.0,12280217.0,10.0
950,Federico Ceccherini,1500000.0,6064909.5,5.0
951,El Chadaille Bitshiabu,15000000.0,6043893.5,8.0
952,Trevoh Chalobah,18000000.0,17343412.0,0.0
953,Andreas Christensen,40000000.0,13079516.0,26.0
954,Víctor Chust,1500000.0,10881506.0,10.0
955,Omar Colley,3700000.0,7355511.0,4.0
956,Nathan Collins,25000000.0,18978126.0,6.0
957,Levi Colwill,55000000.0,21338416.0,33.0
958,Eray Cömert,4000000.0,6917352.5,3.0
959,Diego Coppola,4000000.0,11971857.0,8.0
960,Jorge Cuenca,5000000.0,10043162.0,6.0
961,Danilo D'Ambrosio,1000000.0,8831422.0,8.0
962,Kevin Danso,22000000.0,19799296.0,2.0
963,Dante,600000.0,9778865.0,10.0
964,Achraf Dari,1500000.0,3887489.0,3.0
965,Matteo Darmian,4000000.0,8494324.0,5.0
966,Ben Davies,15000000.0,13404263.0,1.0
967,Craig Dawson,2000000.0,6842296.0,5.0
968,Koni De Winter,7000000.0,-482359.875,7.0
969,Sepp van den Berg,5000000.0,2438930.5,2.0
970,Mouctar Diakhaby,6000000.0,18274102.0,13.0
971,Rúben Dias,80000000.0,14022573.0,65.0
972,Eric Dier,12000000.000000002,6898727.5,5.0
973,Issa Diop,22000000.0,14227515.0,7.0
974,Axel Disasi,42000000.0,33322056.0,8.0
975,Tiago Djaló,15000000.0,10548648.0,4.0
976,Djené,4000000.0,6060166.0,3.0
977,Koffi Djidji,2500000.0,4489517.5,2.0
978,Alexander Djiku,8500000.0,16613828.0,9.0
979,Berat Djimsiti,10000000.0,8743450.0,1.0
980,Danilho Doekhi,17000000.0,15589363.0,1.0
981,Ismaël Doukouré,12000000.000000002,12274042.0,1.0
982,Domingos Duarte,3000000.0,11023848.0,9.0
983,Lewis Dunk,13999999.999999998,10887896.0,3.0
984,Enzo Ebosse,2500000.0,12994159.0,11.0
985,Nico Elvedi,13999999.999999998,19632684.0,6.0
986,Martin Erlic,5000000.0,7618739.5,3.0
987,Maxime Estève,7000000.0,2020023.0,4.0
988,Jonny Evans,2000000.0,5755647.5,4.0
989,Fali,2500000.0,7757009.5,6.0
990,Federico Fazio,400000.0,7246349.5,7.0
991,Felipe,1500000.0,9046834.0,8.0
992,Luiz Felipe,200000.0,7797398.5,8.0
993,Edimilson Fernandes,5500000.0,12679761.0,8.0
994,Joaquín Fernández,2000000.0,5516327.5,4.0
995,Wesley Fofana,32000000.000000004,25093768.0,6.0
996,José Fonte,300000.0,9883940.0,10.0
997,Marco Friedl,5500000.0,10765155.0,6.0
998,Marvin Friedrich,3500000.0,12824641.0,10.0
999,Matteo Gabbia,4000000.0,5622656.5,2.0
1000,Marc Guéhi,38000000.0,12825708.0,25.0
1001,Mario Hermoso,25000000.0,12088341.0,12.0
1002,Isak Hien,9000000.0,14728939.0,6.0
1003,Timo Hübers,7499999.999999999,16835244.0,10.0
1004,Ardian Ismajli,3000000.0,8254068.0,6.0
1005,Ko Itakura,15000000.0,15396236.0,1.0
1006,Hiroki Ito,22000000.0,18852778.0,3.0
1007,Armando Izzo,2500000.0,12682883.0,11.0
1008,Paul Jaeckel,3500000.0,866150.875,2.0
1009,Julian Jeanvier,700000.0,7237653.0,7.0
1010,Moritz Jenz,7499999.999999999,15765160.0,9.0
1011,Juan Jesus,3000000.0,8401803.0,6.0
1012,Juanpe,1200000.0,4854721.5,4.0
1013,Christopher Jullien,3000000.0,8383721.0,6.0
1014,Ozan Kabak,13000000.0,17938900.0,5.0
1015,Pierre Kalulu,25000000.0,15757594.0,9.0
1016,Michael Keane,7000000.0,15678931.0,9.0
1017,Thilo Kehrer,9000000.0,3107967.25,5.0
1018,Lloyd Kelly,16000000.0,2715204.5,13.0
1019,Luca Kilian,2500000.0,7782426.0,6.0
1020,Max Kilman,35000000.0,18339828.0,16.0
1021,Presnel Kimpembe,20000000.0,6158716.0,13.0
1022,Jakub Kiwior,25000000.0,18507908.0,6.0
1023,Lukas Klostermann,8000000.0,13206186.0,6.0
1024,Robin Knoche,5000000.0,8257493.0,4.0
1025,Robin Koch,18000000.0,4851508.0,13.0
1026,Ibrahima Konaté,38000000.0,11212594.0,26.0
1027,Maxence Lacroix,20000000.0,9732133.0,10.0
1028,Robin Le Normand,40000000.0,9877417.0,30.0
1029,Clément Lenglet,8000000.0,7111541.5,0.0
1030,Matthijs de Ligt,65000000.0,20089888.0,44.0
1031,Victor Lindelöf,18000000.0,4354393.0,13.0
1032,Matteo Lovato,4500000.0,-149860.40625,4.0
1033,Dejan Lovren,2000000.0,9913321.0,8.0
1034,Jhon Lucumí,11000000.0,10624935.0,0.0
1035,José Luis Palomino,1000000.0,7661320.5,7.0
1036,Castello Lukeba,40000000.0,21400236.0,18.0
1037,Sebastiano Luperto,3000000.0,9788989.0,7.0
1038,Giangiacomo Magnani,2800000.0,5007217.0,3.0
1039,Harry Maguire,20000000.0,7068018.0,12.0
1040,Gianluca Mancini,20000000.0,15691108.0,4.0
1041,Aïssa Mandi,2000000.0,7178105.5,6.0
1042,Marcão,5000000.0,8430280.0,4.0
1043,Gian Marco Ferrari,1600000.0,3307330.0,2.0
1044,Pablo Marí,5000000.0,9110349.0,5.0
1045,José María Giménez,30000000.0,21721604.0,8.0
1046,Guillermo Maripán,10000000.0,10743477.0,1.0
1047,Iñigo Martínez,8000000.0,7134100.5,0.0
1048,Lisandro Martínez,50000000.0,15601544.0,34.0
1049,Lucas Martínez Quarta,13999999.999999998,16215955.0,3.0
1050,Adam Masina,1500000.0,7930773.5,7.0
1051,Chrislain Matsima,7000000.0,1832496.5,5.0
1052,Konstantinos Mavropanos,13999999.999999998,29075718.0,16.0
1053,Chancel Mbemba,15000000.0,18439450.0,4.0
1054,Scott McKenna,10000000.0,1480582.5,8.0
1055,Facundo Medina,22000000.0,20720332.0,1.0
1056,Ben Mee,1000000.0,11252700.0,11.0
1057,Bamo Meïté,4000000.0,5431207.0,2.0
1058,Chris Mepham,7000000.0,8973161.0,2.0
1059,Jorge Meré,1200000.0,2074657.875,1.0
1060,Éder Militão,70000000.0,26070292.0,43.0
1061,Yerry Mina,5000000.0,10609441.0,6.0
1062,Tyrone Mings,16000000.0,13738213.0,2.0
1063,Stefan Mitrović,3000000.0,5243799.0,3.0
1064,César Montes,5000000.0,23733366.0,19.0
1065,Abdul Mumin,2000000.0,6994277.0,5.0
1066,Youssouf Ndayishimiye,18000000.0,19341076.0,2.0
1067,Tanguy Nianzou,5000000.0,12694569.0,8.0
1068,Rasmus Nicolaisen,6000000.0,14596135.0,9.0
1069,Unai Núñez,6000000.0,5411727.0,0.0
1070,Bram Nuytinck,700000.0,9825493.0,10.0
1071,Gerzino Nyamsi,5000000.0,18786656.0,14.0
1072,Angelo Ogbonna,700000.0,10659459.0,10.0
1073,Florent Ogier,400000.0,7363596.0,7.0
1074,Caleb Okoli,8000000.0,4184054.75,3.0
1075,Warmed Omari,8000000.0,11537222.0,4.0
1076,Ivan Ordets,3000000.0,6296352.5,4.0
1077,Cenk Özkacar,2500000.0,18692970.0,17.0
1078,Jon Pacheco,8000000.0,10850963.0,3.0
1079,Nicolas Pallois,800000.0,5907413.0,6.0
1080,Erik Palmer-Brown,2000000.0,12635552.0,11.0
1081,Aitor Paredes,12000000.000000002,7251459.5,4.0
1082,Patric,4000000.0,9795796.0,6.0
1083,Gabriel Paulista,2500000.0,5804096.5,4.0
1084,Benjamin Pavard,40000000.0,30753314.0,9.0
1085,Danilo Pereira,9000000.0,9787662.0,1.0
1086,Nehuén Pérez,10000000.0,18147982.0,9.0
1087,Lucas Perrin,3000000.0,8171892.0,6.0
1088,Germán Pezzella,5000000.0,8798380.0,4.0
1089,Amos Pieper,5000000.0,15137999.0,11.0
1090,Ethan Pinnock,15000000.0,22123282.0,8.0
1091,Lorenzo Pirola,7000000.0,16509934.0,10.0
1092,Jackson Porozo,3000000.0,9427479.0,7.0
1093,Sergio Ramos,4000000.0,8857689.0,5.0
1094,Luca Ranieri,5000000.0,8457201.0,4.0
1095,Tim Ream,1000000.0,10024408.0,10.0
1096,Ricardo Rodríguez,3500000.0,5200316.5,2.0
1097,Alessio Romagnoli,15000000.0,14206747.0,0.0
1098,Cristian Romero,65000000.0,16083406.0,48.0
1099,Anthony Rouault,7000000.0,9949060.0,3.0
1100,Amir Rrahmani,20000000.0,17121088.0,2.0
1101,Antonio Rüdiger,25000000.0,9914831.0,15.0
1102,Daniele Rugani,4000000.0,2802848.25,1.0
1103,William Saliba,75000000.0,16223712.0,58.0
1104,Mohammed Salisu,15000000.0,22455292.0,8.0
1105,Yoann Salmier,2000000.0,8534650.0,7.0
1106,Davinson Sánchez,16000000.0,16530935.0,1.0
1107,Alex Sandro,2000000.0,8624660.0,7.0
1108,Malang Sarr,4000000.0,5002670.5,2.0
1109,Giorgio Scalvini,40000000.0,24665326.0,15.0
1110,Fabian Schär,10000000.0,16927912.0,7.0
1111,Keven Schlotterbeck,3500000.0,3831036.75,1.0
1112,Nico Schlotterbeck,35000000.0,26049974.0,8.0
1113,Perr Schuurs,25000000.0,11656341.0,13.0
1114,Alidu Seidu,7000000.0,16339114.0,10.0
1115,Marcos Senesi,20000000.0,11664861.0,8.0
1116,Thiago Silva,2000000.0,7826875.5,6.0
1117,Chris Smalling,3500000.0,9971834.0,7.0
1118,Adama Soumaoro,3000000.0,3844240.75,1.0
1119,Çağlar Söyüncü,12000000.000000002,8850601.0,3.0
1120,Niklas Stark,5500000.0,9219375.0,4.0
1121,John Stones,38000000.0,16027417.0,21.0
1122,Niklas Süle,22000000.0,18112972.0,3.0
1123,Jonathan Tah,25000000.0,6931642.5,18.0
1124,Montassar Talbi,8000000.0,13127528.0,6.0
1125,Edmond Tapsoba,40000000.0,20480216.0,19.0
1126,James Tarkowski,13000000.0,20197956.0,8.0
1127,Arthur Theate,20000000.0,21668722.0,2.0
1128,Malick Thiaw,30000000.0,15749502.0,14.0
1129,Jean-Clair Todibo,35000000.0,15613043.0,19.0
1130,Rafael Tolói,4000000.0,12993737.0,9.0
1131,Fikayo Tomori,40000000.0,16629762.0,23.0
1132,Pau Torres,45000000.0,23558644.0,21.0
1133,William Troost-Ekong,2000000.0,9765339.0,8.0
1134,Tuta,15000000.0,13979772.0,1.0
1135,Samuel Umtiti,3000000.0,5299717.5,3.0
1136,Dayot Upamecano,60000000.0,11694229.0,48.0
1137,Martin Valjent,4500000.0,4806815.5,1.0
1138,Virgil van Dijk,32000000.000000004,14988250.0,17.0
1139,Raphaël Varane,25000000.0,8757646.0,16.0
1140,Johan Vásquez,6000000.0,11858645.0,6.0
1141,Micky van de Ven,45000000.0,22828338.0,22.0
1142,Mattia Viti,6000000.0,3379685.25,2.0
1143,Kevin Vogt,2500000.0,4377215.0,2.0
1144,Stefan de Vrij,8000000.0,9843814.0,2.0
1145,Sebastian Walukiewicz,2500000.0,-629311.5625,3.0
1146,Adam Webster,20000000.0,11199603.0,8.0
1147,Mateusz Wieteska,3500000.0,14992701.0,12.0
1148,Axel Witsel,5000000.0,6557059.0,2.0
1149,Maximilian Wöber,13999999.999999998,7678110.0,6.0
1150,Christopher Wooh,6000000.0,8163993.5,3.0
1151,Joe Worrall,12000000.000000002,4773739.5,7.0
1152,Leny Yoro,25000000.0,422254.9375,24.0
1153,Dan-Axel Zagadou,10000000.0,13656834.0,4.0
1154,Kurt Zouma,25000000.0,8877877.0,16.0
1155,Igor Zubeldia,22000000.0,19482868.0,2.0
