,Name,position,market_value_in_eur,age in days,contract expiry,Rating
0,Salis Abdul Samed,3,18000000.0,8358,1956,2.9458490006986917
1,Laurent Abergel,3,3000000.0,10968,1226,2.9721614464322417
2,Tyler Adams,3,18000000.0,8765,1956,2.6337669293721357
3,Naouirou Ahamada,3,8000000.0,7625,1226,1.8131000340666297
4,Jean-Eudes Aholou,3,2000000.0,10554,496,3.9608980871741055
5,Paul Akouokou,3,2500000.0,9189,1591,2.02449292852916
6,Luis Alberto,3,18000000.0,11096,1591,6.076538732305398
7,Rubén Alcaraz,3,2000000.0,11608,861,2.5294586749010417
8,Iván Alejo,3,1500000.0,10229,861,2.6448601089889494
9,Carles Aleñá,3,3000000.0,9169,1226,2.273274047923078
10,Nadiem Amiri,3,4000000.0,9607,1226,3.6929920217217886
11,Sofyan Amrabat,3,28000000.0,9673,496,2.919311018896977
12,Benjamin André,3,8000000.0,11881,1226,4.881780278566211
13,Robert Andrich,3,11000000.0,10372,1226,3.3596434900814147
14,Marcos Antônio,3,7000000.0,8281,496,2.3937503002280383
15,Mauro Arambarri,3,6000000.0,9999,1956,1.8124745183838544
16,Maximilian Arnold,3,10000000.0,10487,1226,3.7142593555424206
17,Kristjan Asllani,3,14000000.0,7645,1591,1.7413707146422044
18,Iddrisu Baba,3,2500000.0,9882,496,1.3294815775225763
19,Stefan Bajcetic,3,11000000.0,6692,1591,2.589439829166105
20,Carlos Baleba,3,20000000.0,6981,1956,3.6691407962537568
21,Shandon Baptiste,3,2500000.0,9076,496,3.0329313408463903
22,Nicolò Barella,3,75000000.0,9502,1226,5.418133100306508
23,Ross Barkley,3,7000000.0,10664,0,5.124441904416054
24,Ander Barrenetxea,3,20000000.0,7722,2686,5.785323915353173
25,Pablo Barrios,3,25000000.0,7184,1956,3.7502029579936007
26,Simone Bastoni,3,2000000.0,9599,496,3.4588910927690844
27,Alexis Beka Beka,3,3000000.0,7990,1591,3.17328713270776
28,Jean-Ricner Bellegarde,3,15000000.0,8997,1956,5.470574324239946
29,Jude Bellingham,3,180000000.0,7170,2321,7.90500914115406
30,Fran Beltrán,3,6000000.0,8776,1226,2.603465685586423
31,Ismaël Bennacer,3,35000000.0,9208,1591,3.835560702061191
32,Nabil Bentaleb,3,8000000.0,10310,1226,4.9831789718916735
33,Rodrigo Bentancur,3,35000000.0,9364,1226,4.44117272802437
34,Philip Billing,3,22000000.0,9743,1591,4.694928852935513
35,Yves Bissouma,3,30000000.0,9664,1226,2.0984066088560405
36,Leonardo Bittencourt,3,2500000.0,10650,0,4.017640456931981
37,Alexis Blin,3,2500000.0,9648,861,3.2214109618735987
38,Emil Bohinen,3,3200000.0,8737,496,3.130358157875924
39,Giacomo Bonaventura,3,3000000.0,12227,496,4.646321064960607
40,Hicham Boudaoui,3,9000000.0,8546,1591,4.572529799786
41,Mehdi Bourabia,3,1000000.0,11512,496,3.210814197375637
42,Benjamin Bourigeaud,3,18000000.0,10620,1226,6.456538513289425
43,Edoardo Bove,3,15000000.0,7578,1956,2.563781800258448
44,Moisés Caicedo,3,90000000.0,7777,3051,4.063339011372
45,Jens Cajuste,3,10000000.0,8589,1956,4.907977031779964
46,Hakan Çalhanoğlu,3,40000000.0,10596,1591,4.699851097722603
47,Mohamed Camara,3,25000000.0,8438,1591,2.323533986311137
48,Eduardo Camavinga,3,90000000.0,7404,2321,4.17952741932438
49,Emre Can,3,12000000.0,10622,1226,3.0840915489577903
50,Étienne Capoue,3,2000000.0,12633,496,3.541520232702672
51,Maxence Caqueret,3,18000000.0,8399,1591,6.116469416367564
52,William Carvalho,3,6000000.0,11267,1226,3.825365760391782
53,Casemiro,3,30000000.0,11311,1226,5.592740026737921
54,Gaetano Castrovilli,3,8000000.0,9492,496,2.876013663429013
55,Danilo Cataldi,3,8000000.0,10418,1591,1.7420178104467354
56,Dani Ceballos,3,9000000.0,9687,1591,6.143219544959347
57,Franco Cervi,3,2000000.0,10488,1226,4.233236446903495
58,Pedro Chirivella,3,7000000.0,9396,1226,2.4693274229385302
59,Joris Chotard,3,10000000.0,7815,861,2.9471090792254504
60,Tolga Ciğerci,3,700000.0,11281,861,1.952155751269252
61,Pathé Ciss,3,3000000.0,10558,861,3.3729590036428445
62,Santi Comesaña,3,5000000.0,9629,1591,4.293725095374471
63,Lewis Cook,3,10000000.0,9506,861,1.8904955429967416
64,Francis Coquelin,3,2000000.0,11596,496,2.157403135838912
65,Lassana Coulibaly,3,4500000.0,9804,1226,3.58429311946191
66,Bryan Cristante,3,20000000.0,10206,1591,3.1671403535433247
67,Mikkel Damsgaard,3,10000000.0,8261,1591,2.9557889913030686
68,Danilo,3,12000000.0,11534,861,2.938568717230414
69,Danilo,1,12000000.0,11534,861,4.464172032539161
70,Sergi Darder,3,8000000.0,10647,1956,4.921443685707656
71,Josh Dasilva,3,12000000.0,8881,496,4.087447895376528
72,Tom Davies,3,6000000.0,8994,1226,2.105180904547642
73,Kevin De Bruyne,3,60000000.0,11551,861,8.9498369227896
74,Thomas Delaney,3,2500000.0,11486,496,1.4669538977637924
75,Kerem Demirbay,3,4700000.0,10816,1226,3.705518105971021
76,Branco van den Boomen,3,9000000.0,10068,1591,5.353111715720477
77,Leander Dendoncker,3,11000000.0,10164,496,1.9850320551100649
78,Krépin Diatta,3,12000000.0,8754,861,5.709159101031438
79,Nicolás Domínguez,3,17000000.0,8996,1956,4.681997735104576
80,Niklas Dorsch,3,7000000.0,9159,1226,1.3304532819354644
81,Abdoulaye Doucouré,3,12000000.0,10998,861,3.835909660918693
82,Cheick Doucouré,3,35000000.0,8436,1591,3.3811604304396417
83,Désiré Doué,3,15000000.0,6466,1226,5.239888952126302
84,Ondrej Duda,3,4000000.0,10299,1226,2.1599352968254597
85,Alfred Duncan,3,4500000.0,10929,496,2.0692633493883923
86,Éderson,3,27000000.0,8622,1226,4.151894944014112
87,Maximilian Eggestein,3,10000000.0,9566,861,2.7679705114230817
88,Harvey Elliott,3,30000000.0,7255,1591,5.229906421279203
89,Mohamed Elyounoussi,3,6000000.0,10420,1591,3.347692598196518
90,Wataru Endo,3,13000000.0,10960,1591,5.08967244620257
91,Arne Engels,3,7500000.0,7101,1591,1.5617600895456296
92,Christian Eriksen,3,13000000.0,11320,861,4.402881091777597
93,Gonzalo Escalante,3,2000000.0,10912,1226,2.693431231634659
94,Eberechi Eze,3,48000000.0,8995,1591,5.934556017370225
95,Nicolò Fagioli,3,15000000.0,8037,1956,3.0950631756417653
96,Khalil Fayad,3,5000000.0,6825,1591,2.7514296565056946
97,Jacopo Fazzini,3,6000000.0,7273,1591,3.087759102194076
98,Álex Fernández,3,2500000.0,11079,861,2.3079802197331896
99,Enzo Fernández,3,80000000.0,8062,3051,3.9196568924732422
100,Jordan Ferri,3,5000000.0,11292,1226,2.9009355307806675
101,Youssouf Fofana,3,28000000.0,8799,861,4.540475901367326
102,Philipp Förster,3,2500000.0,10235,496,3.7964810039800394
103,Davide Frattesi,3,30000000.0,8547,496,4.585934371626045
104,Fred,3,19000000.0,10934,1591,4.64827385083856
105,Remo Freuler,3,6500000.0,11259,1226,1.5493352902841624
106,Roberto Gagliardini,3,4000000.0,10537,496,3.1424623656395902
107,Iñigo Ruiz de Galarreta,3,5000000.0,10783,861,2.00157694202977
108,Conor Gallagher,3,42000000.0,8408,861,5.2604433091256135
109,James Garner,3,20000000.0,8006,1226,2.352300071078905
110,Johan Gastien,3,600000.0,12799,861,3.968707960410888
111,Gavi,3,90000000.0,6769,1226,4.267398610584083
112,Aleksandr Golovin,3,30000000.0,9754,1226,6.353357556995694
113,Angel Gomes,3,20000000.0,8203,861,3.9207972531143422
114,Nicolás González,3,40000000.0,9078,1956,3.747188293356868
115,Nicolás González,4,40000000.0,9078,1956,3.5447851771424146
116,Ryan Gravenberch,3,35000000.0,7578,1956,4.171287933072731
117,Bruno Guimarães,3,85000000.0,9223,1956,5.06522021518259
118,Gerard Gumbau,3,3500000.0,10286,496,4.025515220414109
119,İlkay Gündoğan,3,18000000.0,11800,861,5.54378813422661
120,Morten Hjulmand,3,26000000.0,8634,1956,3.4159713379113885
121,Nicolas Höfler,3,2000000.0,12025,0,3.0725461079628524
122,Alex Iwobi,3,28000000.0,9781,1956,4.801834678870735
123,Vitaly Janelt,3,22000000.0,9044,1226,2.878007533340749
124,Mathias Jensen,3,30000000.0,9903,1226,4.285327031609646
125,Joelinton,3,42000000.0,9680,861,6.102189521527086
126,Curtis Jones,3,30000000.0,8049,1591,4.480882686213813
127,Frenkie de Jong,3,80000000.0,9407,1226,5.614780577513475
128,Joan Jordán,3,5000000.0,10448,1591,2.285865660894052
129,Jorginho,3,15000000.0,11379,496,2.4731798719706948
130,Daichi Kamada,3,20000000.0,9689,496,5.046543072078471
131,Boubacar Kamara,3,38000000.0,8486,1591,2.4888867864605038
132,Kevin Kampl,3,3500000.0,11815,1226,2.95236724810087
133,Atakan Karazor,3,8000000.0,9621,1226,2.5355720492953946
134,Yannik Keitel,3,4000000.0,8399,496,2.601944371703654
135,Rani Khedira,3,8000000.0,10607,0,1.6068403217898306
136,Joshua Kimmich,3,75000000.0,10231,861,6.089490756771787
137,Dominik Kohr,3,3500000.0,10603,1226,3.2558056523033
138,Koke,3,14000000.0,11356,496,2.5633129071947884
139,Geoffrey Kondogbia,3,15000000.0,10954,1591,2.962585695408632
140,Teun Koopmeiners,3,40000000.0,9116,1591,5.756250527061949
141,Rominigue Kouamé,3,2500000.0,9557,1226,3.776752405390491
142,Cheikhou Kouyaté,3,1000000.0,12108,496,2.9616995833663413
143,Christoph Kramer,3,2000000.0,11680,861,2.400485543312064
144,Toni Kroos,3,14000000.0,12090,496,5.1409218739135145
145,Konrad Laimer,3,28000000.0,9392,1591,4.483337474239854
146,Roméo Lavia,3,50000000.0,6978,2686,2.510174859072261
147,Enzo Le Fée,3,20000000.0,8411,1956,6.453802602489094
148,Johann Lepenant,3,8000000.0,7422,1591,3.247199568337427
149,Giovani Lo Celso,3,16000000.0,9805,861,5.469581601751294
150,Stanislav Lobotka,3,35000000.0,10309,1591,2.68948837364849
151,Ruben Loftus-Cheek,3,25000000.0,9881,1591,3.9933075467562062
152,Dion Lopy,3,6000000.0,7682,2321,3.616100961088263
153,Anthony Losilla,3,500000.0,13484,861,3.309262354180126
154,Douglas Luiz,3,60000000.0,9045,1226,4.850974594355563
155,Alexis Mac Allister,3,65000000.0,8820,1956,4.852377461088704
156,Giulio Maggiore,3,4500000.0,9102,1226,1.4226321698493356
157,Yohann Magnin,3,2500000.0,9368,861,2.771856114322933
158,Arne Maier,3,4500000.0,8801,861,2.802469015994653
159,Lovro Majer,3,25000000.0,9157,1956,5.5740277265555065
160,Jean-Victor Makengo,3,8000000.0,9012,1591,1.8185578130494056
161,Youssef Maleh,3,4500000.0,8942,496,1.7569914002648277
162,Rolando Mandragora,3,8500000.0,9360,1226,4.083629735228924
163,Orel Mangala,3,22000000.0,9096,496,1.7635619554101194
164,Răzvan Marin,3,2500000.0,9761,496,3.339305722590894
165,Eric Martel,3,9000000.0,7595,1226,3.4181626882389864
166,Iván Martín,3,10000000.0,8765,1226,3.4243001735766607
167,Omar Mascarell,3,1000000.0,10967,1226,3.109701134610412
168,Han-Noah Massengo,3,4000000.0,7892,1591,2.276426782000463
169,Eliot Matazo,3,6000000.0,7669,496,2.099260191559008
170,Azor Matusiwa,3,10000000.0,9056,1956,3.4116623002799265
171,John McGinn,3,30000000.0,10346,1591,3.537601069086767
172,Weston McKennie,3,23000000.0,8936,861,2.661701812793569
173,Scott McTominay,3,28000000.0,9566,861,4.010203828596275
174,Soualiho Meïté,3,3000000.0,10557,496,2.401943798888738
175,Gonzalo Melero,3,3000000.0,10632,1226,3.5651846283697965
176,Brais Méndez,3,40000000.0,9532,1956,5.524900373633651
177,Batista Mendy,3,8000000.0,8432,1591,2.3807897231952366
178,Nampalys Mendy,3,3000000.0,11191,861,2.013187483193484
179,Mikel Merino,3,50000000.0,9732,861,6.1715304516473335
180,Luis Milla,3,2500000.0,10357,1591,2.3734880588596856
181,Enzo Millot,3,25000000.0,7517,1956,4.601135023575139
182,James Milner,3,1000000.0,13550,496,4.023305625222639
183,Fabio Miretti,3,15000000.0,7136,1591,3.1748898253352094
184,Henrikh Mkhitaryan,3,6000000.0,12438,1226,3.912645400090392
185,Florent Mollet,3,2000000.0,11410,861,3.6060218102354793
186,Jon Moncayola,3,9000000.0,9041,3051,3.1631004237294373
187,Ilaix Moriba,3,3000000.0,7330,496,3.5257655461499606
188,Manu Morlanes,3,2500000.0,8797,1956,1.196137017495504
189,Nikola Moro,3,6500000.0,9102,1591,4.425951200217762
190,João Moutinho,3,800000.0,13306,496,2.9554502394655917
191,João Moutinho,2,800000.0,13306,496,3.365616447939705
192,Samuel Moutoussamy,3,4000000.0,9682,496,2.848580901810097
193,Marshall Munetsi,3,12000000.0,9732,1591,4.865482460930681
194,Yunus Musah,3,23000000.0,7385,1956,2.997736125177896
195,Hans Nicolussi Caviglia,3,3000000.0,8276,1226,1.4687887668465245
196,Saúl Ñíguez,3,12000000.0,10313,1226,4.973769223006651
197,Felix Nmecha,3,25000000.0,8164,1956,4.680315558440633
198,Matheus Nunes,3,55000000.0,8937,1956,3.6136516634479854
199,Christian Nørgaard,3,20000000.0,10564,861,3.700163320167357
200,Pedro Obiang,3,500000.0,11277,861,1.5463254246698983
201,Brian Ocampo,3,1200000.0,8634,1226,2.512481039136974
202,Finn Ole Becker,3,3000000.0,8286,1226,1.6844439602589214
203,Amadou Onana,3,50000000.0,7853,1591,3.390817033239312
204,Jean Onana,3,3700000.0,8436,496,3.419882872995017
205,Frank Onyeka,3,9000000.0,9173,1591,2.96703756131234
206,Aimar Oroz,3,15000000.0,7752,1226,4.334438640795352
207,Pedro Ortiz,3,400000.0,8215,496,1.5840632904528933
208,Patrick Osterhage,3,5500000.0,8413,1226,1.1774387302126872
209,Azzedine Ounahi,3,12000000.0,8335,1591,5.367005988440473
210,Salih Özcan,3,13000000.0,9163,1226,2.539668806824671
211,Exequiel Palacios,3,40000000.0,8899,1956,4.001968294083353
212,João Palhinha,3,60000000.0,10080,1956,3.3593338553791274
213,Cole Palmer,3,45000000.0,7588,2686,5.732180281470265
214,Leandro Paredes,3,8000000.0,10455,861,3.3815715361091567
215,Thomas Partey,3,25000000.0,10836,861,4.07992069690954
216,Pedri,3,90000000.0,7389,1226,5.474032525414321
217,Carles Pérez,3,4000000.0,9128,1591,5.036492363079715
218,Kike Pérez,3,3000000.0,9495,496,3.9124336268408095
219,Matteo Pessina,3,15000000.0,9428,1591,4.385858633683517
220,Tommaso Pobega,3,12000000.0,8614,1591,2.771500648829676
221,Julien Ponceau,3,3000000.0,8116,861,4.014963755975455
222,Portu,3,3500000.0,11223,1591,2.906826657886394
223,Grischa Prömel,3,7000000.0,10260,1226,2.3049174239667605
224,Adrien Rabiot,3,40000000.0,10176,496,6.013575731242367
225,Aaron Ramsey,3,15000000.0,7328,1956,4.310626853376763
226,Jacob Ramsey,3,42000000.0,7931,1591,5.821554927044785
227,Harrison Reed,3,18000000.0,10242,1591,3.5158551547876398
228,Jeff Reine-Adélaïde,3,3000000.0,9157,496,5.108366174888366
229,Reinier,3,4000000.0,7695,496,3.112711148674685
230,Marco Reus,3,7000000.0,12308,496,4.708368101437715
231,Samuele Ricci,3,20000000.0,7848,1226,2.78647859627638
232,Declan Rice,3,110000000.0,8795,1956,4.8179691588435
233,Rodrigo Riquelme,3,25000000.0,8352,1956,5.177048658299183
234,Lucas Robertone,3,7000000.0,9461,1956,4.762394496521328
235,Marc Roca,3,10000000.0,9578,496,3.3890599109811164
236,Sebastian Rode,3,1000000.0,11813,496,3.594443955213488
237,Rodri,3,110000000.0,9732,1591,5.749305817471618
238,Dani Rodríguez,3,1200000.0,12668,496,4.077716420620841
239,Guido Rodríguez,3,24000000.0,10532,496,3.663464209493162
240,Oriol Romeu,3,3000000.0,11465,1226,1.7834380245155788
241,Valentin Rongier,3,18000000.0,10297,1226,4.331152693191417
242,Marten de Roon,3,8000000.0,11640,496,3.265104562846292
243,Pablo Rosario,3,7000000.0,9532,1226,2.822810359598156
244,Nicolò Rovella,3,18000000.0,7745,861,3.674457224998812
245,Marcel Sabitzer,3,20000000.0,10557,1591,3.489865120607944
246,Albert Sambi Lokonga,3,12000000.0,8517,467,1.375928684257068
247,Fede San Emeterio,3,1500000.0,9463,1226,1.2609637498198925
248,Oihan Sancet,3,35000000.0,8329,3416,5.080558667589781
249,Renato Sanches,3,10000000.0,9311,496,4.498816477611041
250,Antonio Sánchez,3,2500000.0,9427,496,2.740393619058944
251,Morgan Sanson,3,7000000.0,10406,496,2.917702837236149
252,Baptiste Santamaria,3,12000000.0,10200,1226,3.564500808234964
253,András Schäfer,3,4000000.0,8706,0,1.7339737213195083
254,Xaver Schlager,3,28000000.0,9271,1226,2.243573559417316
255,Jeffrey Schlupp,3,7000000.0,11011,496,3.1996680565991604
256,Romano Schmid,3,6500000.0,8417,0,3.182405697488175
257,Niklas Schmidt,3,3000000.0,9113,1591,4.272314653573414
258,Jerdy Schouten,3,22000000.0,9527,1956,3.16047343990924
259,Stefano Sensi,3,4000000.0,10054,496,3.789764773245449
260,Suat Serdar,3,4000000.0,9438,496,3.8274835235512175
261,Jonjo Shelvey,3,3300000.0,11307,496,0.9453084314276357
262,Vincent Sierro,3,2000000.0,9991,1226,2.8585323160555958
263,Bernardo Silva,3,80000000.0,10414,1226,5.866182586172289
264,Ibrahima Sissoko,3,5000000.0,9242,496,3.049929315721593
265,Moussa Sissoko,3,1200000.0,12233,496,2.57641802985743
266,Ellyes Skhiri,3,13000000.0,10139,1591,5.1274123377005045
267,Oliver Skipp,3,15000000.0,8188,1591,2.281698193633792
268,Rubén Sobrino,3,1800000.0,11213,1226,3.504193204026259
269,Carlos Soler,3,20000000.0,9537,1591,1.927970727781408
270,Boubakary Soumaré,3,14000000.0,8752,496,2.1179926440057573
271,Djibril Sow,3,18000000.0,9503,1956,3.02297404758381
272,Stijn Spierings,3,5000000.0,9832,496,3.4563314369701543
273,Anton Stach,3,15000000.0,8859,1591,4.4701849922094326
274,Jens Stage,3,6000000.0,9596,1226,3.5296538452417003
275,Angelo Stiller,3,14000000.0,7985,1591,3.3066307940022357
276,Kevin Stöger,3,3000000.0,10762,496,4.310831558649966
277,Denis Suárez,3,2000000.0,10628,1226,2.602175827270672
278,Ibrahim Sulemana,3,3500000.0,7207,1591,2.314751725698544
279,Mattias Svanberg,3,18000000.0,8804,1591,4.565877747479569
280,Flavien Tait,3,3000000.0,10967,1226,4.162604854114722
281,Renato Tapia,3,5000000.0,10061,496,2.9480356968892942
282,Aurélien Tchouaméni,3,90000000.0,8417,1956,4.936391618492696
283,Ramón Terrats,3,4000000.0,8156,1226,3.508914093019764
284,Martin Terrier,3,22000000.0,9475,1226,7.634587388241306
285,Morten Thorsby,3,3200000.0,9779,496,2.14991389990262
286,Kristian Thorstvedt,3,7500000.0,8736,1591,4.012877038535786
287,Khéphren Thuram,3,40000000.0,7993,861,5.03773374603043
288,Youri Tielemans,3,20000000.0,9412,1591,4.177231886140184
289,Corentin Tolisso,3,5000000.0,10421,1591,4.759602997223807
290,Sandro Tonali,3,40000000.0,8316,1956,4.193120132566598
291,Lucas Torró,3,8000000.0,10435,1591,2.811152211711414
292,Lucas Tousart,3,7000000.0,9420,0,4.288758758344228
293,Manu Trigueros,3,2500000.0,11442,861,2.5467486548669704
294,Óscar Valentín,3,5000000.0,10404,1591,2.4940489693248704
295,Federico Valverde,3,100000000.0,8972,2321,6.156461174600197
296,Matías Vecino,3,3000000.0,11495,861,3.615464284028991
297,Jordan Veretout,3,15000000.0,10938,861,4.397417935463011
298,Mikel Vesga,3,5000000.0,10901,1591,3.657223714227389
299,Tonny Vilhena,3,3500000.0,10266,1591,2.5548984497704392
300,Toni Villa,3,2000000.0,10262,861,3.5615152421186123
301,Gonzalo Villar,3,2800000.0,9091,1591,1.699555367501435
302,Vitinha,3,45000000.0,8401,1591,3.606006680614813
303,Vitinha,5,45000000.0,8401,1591,3.87908846996648
304,Walace,3,7000000.0,10175,1226,2.921498139750386
305,James Ward-Prowse,3,38000000.0,10333,1591,4.905568776030663
306,Julian Weigl,3,10000000.0,10021,1956,1.6377548019442547
307,Joe Willock,3,35000000.0,8579,1591,5.8569128491387
308,Granit Xhaka,3,20000000.0,11097,1956,5.766453292874568
309,Ryan Yates,3,12000000.0,9218,861,2.0926823405848225
310,Denis Zakaria,3,22000000.0,9584,1956,1.440565683464933
311,Oier Zarraga,3,2700000.0,8805,1591,2.291946241032454
312,Piotr Zieliński,3,30000000.0,10494,496,5.599085846770734
313,Martín Zubimendi,3,50000000.0,8777,1591,3.249360087421981
314,Martin Ødegaard,3,90000000.0,8827,1956,7.529485118928262
315,Abner,2,7000000.0,8297,2321,2.5108550732329
316,Marcos Acuña,2,6000000.0,11431,861,3.868651439562998
317,Ruben Aguilar,2,6000000.0,10883,1226,3.5466689307654624
318,Ola Aina,2,8000000.0,9626,496,4.675238082843237
319,Nathan Aké,2,40000000.0,10221,1591,3.0090479693838748
320,Sergio Akieme,2,8000000.0,9193,1956,2.376182460067961
321,Trent Alexander-Arnold,2,70000000.0,8897,861,5.595833327111945
322,Jim Allevinah,2,2000000.0,10212,496,3.539937906656421
323,Gastón Álvarez,2,10000000.0,8360,1956,1.5745209414948256
324,Kelvin Amian,2,2200000.0,9136,1956,3.525001029127236
325,Angeliño,2,8000000.0,9535,496,3.84978909090277
326,Fabrizio Angileri,2,1500000.0,10559,1226,0.8439448566810066
327,Lorenz Assignon,2,10000000.0,8272,496,4.501526753750267
328,Youcef Atal,2,6000000.0,9767,496,5.542046328864174
329,Tommaso Augello,2,2000000.0,10394,861,3.9201072348827
330,Serge Aurier,2,7000000.0,11010,496,3.3891663580945512
331,César Azpilicueta,2,4000000.0,12221,496,3.255677228956237
332,Mitchel Bakker,2,8000000.0,8274,1591,3.936337822546827
333,Ridle Baku,2,10000000.0,9076,861,5.267932828298522
334,Alejandro Balde,2,50000000.0,7061,1956,5.180237623487244
335,Iván Balliu,2,3500000.0,11363,861,2.062834395274997
336,Fodé Ballo-Touré,2,3000000.0,9536,496,3.624165056002198
337,Melvin Bard,2,12000000.0,8138,1226,3.24628531403222
338,Jérémie Bela,2,1000000.0,10901,496,2.907220338183956
339,Raoul Bellanova,2,7000000.0,8307,1591,2.9728982839277034
340,Ramy Bensebaini,2,12000000.0,10163,1591,5.456909673980531
341,Yuri Berchiche,2,2000000.0,12054,496,4.399071905454747
342,Juan Bernat,2,6000000.0,10938,496,4.335238432497611
343,Cristiano Biraghi,2,4000000.0,11123,861,4.070706578944257
344,Samuele Birindelli,2,2500000.0,8610,1226,3.687692571034333
345,Daley Blind,2,3000000.0,12025,861,3.902292740277241
346,Neto Borges,2,3500000.0,9651,861,4.977590746068065
347,Hugo Bueno,2,6000000.0,7456,1956,2.659579832907028
348,Dan Burn,2,10000000.0,11235,861,3.4428788245817
349,Maxime Busi,2,2000000.0,8525,1226,2.272311817134823
350,Aurélio Buta,2,8000000.0,9499,1226,4.826755670779887
351,Jimmy Cabot,2,3000000.0,10526,1226,5.521063221386493
352,Liberato Cacace,2,2000000.0,8177,861,4.263133763414108
353,Anthony Caci,2,7000000.0,9358,1226,3.183257263365486
354,Davide Calabria,2,15000000.0,9568,861,3.351003771569194
355,Andrea Cambiaso,2,15000000.0,8394,1591,3.645829892348767
356,João Cancelo,2,40000000.0,10487,496,6.4675520507636985
357,Matty Cash,2,28000000.0,9322,1591,2.130447883266108
358,Timothy Castagne,2,17000000.0,9934,1591,4.3308750457242615
359,Zeki Çelik,2,6000000.0,9492,1226,2.5079373165952186
360,Álex Centelles,2,1200000.0,8569,1226,2.560327168898094
361,Fabien Centonze,2,3000000.0,9888,496,4.168163818277606
362,Ben Chilwell,2,30000000.0,9553,1591,4.178812234874839
363,Patrick Ciurria,2,5000000.0,10230,1226,5.211597651470498
364,Jonathan Clauss,2,15000000.0,11099,861,6.34453592117711
365,Nathaniel Clyne,2,1500000.0,11634,496,0.6162233091616329
366,Thierry Correia,2,8000000.0,8740,1226,2.7983613124120628
367,Danny da Costa,2,1500000.0,10806,861,2.9048583953704457
368,Jaume Costa,2,1000000.0,12746,496,2.414255048207172
369,Yan Couto,2,12000000.0,7561,496,3.2991704906159423
370,Nicolas Cozza,2,3500000.0,8801,496,2.9949627337818483
371,Aaron Cresswell,2,900000.0,12114,496,2.507062148333461
372,Juan Cuadrado,2,2000000.0,12678,496,4.351506589098942
373,Marc Cucurella,2,25000000.0,8972,1956,2.7484705330472923
374,Diogo Dalot,2,35000000.0,8731,1956,4.333974502774785
375,Alphonso Davies,2,70000000.0,8142,861,7.082136751717499
376,Mattia De Sciglio,2,2000000.0,11074,861,1.0481702254348169
377,Lorenzo De Silvestri,2,400000.0,12681,496,2.7530078099946227
378,Thibault De Smet,2,4000000.0,9019,1226,2.366250855143168
379,Thomas Delaine,2,1200000.0,11280,861,3.272260222050296
380,Mikkel Desler,2,3000000.0,10220,496,4.48306471418292
381,Sergiño Dest,2,18000000.0,8141,496,2.0306278244202804
382,Giovanni Di Lorenzo,2,22000000.0,10785,1956,6.251728920600119
383,Bafodé Diakité,2,15000000.0,8073,1226,3.765013061902545
384,Moussa Diarra,2,1500000.0,8134,496,2.2873192459806937
385,Lucas Digne,2,15000000.0,10799,1226,3.148989663171629
386,Federico Dimarco,2,50000000.0,9229,1591,5.5710732653426565
387,Junior Dina Ebimbe,2,14000000.0,8123,1591,4.894699002089548
388,Moussa Djenepo,2,5000000.0,9009,1226,4.234751262721675
389,Dodô,2,20000000.0,8857,1591,3.98391046438806
390,Matt Doherty,2,4000000.0,11348,1226,4.563929941330829
391,Josh Doig,2,7000000.0,7576,1956,3.746621156627306
392,Souleyman Doumbia,2,2000000.0,9640,496,2.7163599069614413
393,Denzel Dumfries,2,30000000.0,9796,861,5.075414246646616
394,Tyronne Ebuehi,2,2500000.0,9923,861,3.335708684061748
395,Kingsley Ehizibue,2,2500000.0,10124,1226,3.106381305707397
396,Aritz Elustondo,2,9000000.0,10546,1226,2.0468469178905315
397,Alfonso Espino,2,3000000.0,11359,1226,3.4662204475561103
398,Pervis Estupiñán,2,35000000.0,9153,1591,5.071689927694088
399,Noah Fadiga,2,1000000.0,8476,1226,2.7714792605284035
400,Davide Faraoni,2,2000000.0,11434,496,3.095534411501426
401,Kiko Femenía,2,1500000.0,11697,861,2.2766771501077256
402,Kilian Fischer,2,1500000.0,8162,1591,2.1672944313422007
403,Thomas Foket,2,7000000.0,10369,861,3.212591727562889
404,Dimitri Foulquier,2,2500000.0,10916,861,2.283572188696056
405,Juan Foyth,2,25000000.0,9162,1226,3.845093880153704
406,Ryan Fredericks,2,1500000.0,11084,496,1.4827423833624227
407,Iván Fresneda,2,13000000.0,6716,1956,2.51052504288494
408,Jeremie Frimpong,2,50000000.0,8104,1956,8.027616734582823
409,Javi Galán,2,7000000.0,10315,496,4.814974148853296
410,Antonino Gallo,2,2500000.0,8439,1226,2.554329355217924
411,Raphaël Guerreiro,2,15000000.0,10647,1226,7.690046666110055
412,Malo Gusto,2,25000000.0,7210,2686,4.364128984752393
413,Theo Hernández,2,55000000.0,9263,1226,4.591668149867861
414,Aaron Hickey,2,30000000.0,7554,1226,1.84106344137814
415,Ismaily,2,2000000.0,12083,496,4.819027866019468
416,Ismail Jakobs,2,8000000.0,8582,1226,5.4667517608144
417,Reece James,2,50000000.0,8471,1956,5.474322222496138
418,Ben Johnson,2,8000000.0,8420,496,2.305388542452497
419,Anthony Jung,2,1000000.0,11426,496,3.722372032296088
420,Issa Kaboré,2,10000000.0,7947,467,4.601917326768346
421,Rick Karsdorp,2,7000000.0,10228,861,0.9214171843676784
422,Grigoris Kastanos,2,1800000.0,9144,1226,3.78347038582476
423,Ansgar Knauff,2,8000000.0,7704,1956,4.134015446185189
424,Darko Lazović,2,2000000.0,11839,496,4.521299177002263
425,Jordan Lotomba,2,8000000.0,8905,861,3.889907256873932
426,Deiver Machado,2,4000000.0,10757,1226,3.7893372711621782
427,Pablo Maffeo,2,8000000.0,9347,1226,3.923389946174119
428,Ainsley Maitland-Niles,2,5000000.0,9300,1591,3.291560108118136
429,Tyrell Malacia,2,18000000.0,8582,1226,2.9177119511416767
430,Reinildo Mandava,2,16000000.0,10613,861,2.3491684432079394
431,Óscar de Marcos,2,1800000.0,12355,496,4.736435952617777
432,Aarón Martín,2,5000000.0,9427,1226,3.5641555322255147
433,Philipp Max,2,2000000.0,10729,1226,2.652135087762683
434,Noussair Mazraoui,2,30000000.0,9225,1226,5.256745648304971
435,Pasquale Mazzocchi,2,4000000.0,10062,1591,4.192768912928509
436,Birger Meling,2,4000000.0,10287,1591,2.9074048932499803
437,Nuno Mendes,2,60000000.0,7545,1226,6.179235866740973
438,Antoine Mendy,2,800000.0,6837,861,3.1786018886433096
439,Ferland Mendy,2,20000000.0,10111,861,1.6448597333391692
440,Quentin Merlin,2,10000000.0,7578,1956,3.337177010760912
441,Thomas Meunier,2,2500000.0,11477,861,2.970061946136544
442,Óscar Mingueza,2,6000000.0,8676,1226,1.719337073162727
443,Juan Miranda,2,9000000.0,8425,496,4.971169169447579
444,Tyrick Mitchell,2,22000000.0,8568,861,2.549796864894109
445,Maximilian Mittelstädt,2,5000000.0,9461,1226,4.050292587220773
446,Johan Mojica,2,2500000.0,11133,496,2.8476076284546874
447,Nahuel Molina,2,45000000.0,9078,1591,4.315911326549513
448,Gonzalo Montiel,2,10000000.0,9538,496,3.2230115967944326
449,Martín Montoya,2,900000.0,11625,861,1.9859546458407744
450,Alberto Moreno,2,2000000.0,11179,496,3.252065148206806
451,Álex Moreno,2,10000000.0,10841,1226,4.166931784094745
452,Nordi Mukiele,2,12000000.0,9238,1591,3.57393733539648
453,Aihen Muñoz,2,8000000.0,9313,1591,2.4570469175707217
454,Vitaliy Mykolenko,2,28000000.0,8660,1226,2.8376419603946577
455,Nikolas Nartey,2,800000.0,8392,861,2.249492826158954
456,Jesús Navas,2,3000000.0,13598,496,3.183316642262463
457,Luca Netz,2,10000000.0,7214,1226,3.658362355024421
458,Lucas Olaza,2,3000000.0,10433,861,2.535458634012481
459,Mathías Olivera,2,17000000.0,9238,1591,4.882919043782172
460,Jordi Osei-Tutu,2,800000.0,8902,496,3.122546983563667
461,Emerson Palmieri,2,12000000.0,10421,1226,3.3463877553794976
462,Fabiano Parisi,2,9500000.0,8135,1956,4.163077489656942
463,Nathan Patterson,2,15000000.0,7793,1591,2.2925960982345632
464,Mads Pedersen,2,3500000.0,9663,1591,1.3558221963498651
465,Alfonso Pedraza,2,12000000.0,9805,1226,4.592461791783125
466,Luca Pellegrini,2,4000000.0,8742,861,3.070281932423117
467,Rubén Peña,2,2500000.0,11531,861,3.094377261772081
468,Roberto Pereyra,2,3000000.0,11722,496,6.026776852812765
469,Romain Perraud,2,9000000.0,9277,496,3.497448578602354
470,Giuseppe Pezzella,2,2200000.0,9210,1226,2.814217910249928
471,Pedro Porro,2,45000000.0,8556,1956,4.901788360141939
472,Stefan Posch,2,14000000.0,9405,1226,5.01816098596645
473,David Raum,2,17000000.0,9062,1591,3.752124882597759
474,Diego Rico,2,3500000.0,10946,496,2.665125215019869
475,Sergi Roberto,2,3000000.0,11327,496,4.592710064001102
476,Andrew Robertson,2,35000000.0,10563,1226,5.183261705045807
477,Antonee Robinson,2,20000000.0,9321,1956,3.4376553295634977
478,Mads Roerslev,2,8000000.0,8635,1226,0.6385358661272078
479,Rogério,2,7500000.0,9161,1591,3.8352117278197095
480,Jérôme Roussillon,2,2500000.0,10993,0,0.5948359393704243
481,Matteo Ruggeri,2,15000000.0,7523,1956,3.666173132412698
482,Mário Rui,2,5000000.0,11582,1226,4.499112697932933
483,Aitor Ruibal,2,5000000.0,9822,861,4.323104026107103
484,Julian Ryerson,2,15000000.0,9222,1226,2.778497360769128
485,Youssouf Sabaly,2,4000000.0,10934,1226,3.613448775789767
486,Falaye Sacko,2,4000000.0,10148,1226,3.1734526848110822
487,Théo Sainte-Luce,2,2000000.0,8884,861,3.6426521344474976
488,Junior Sambia,2,2500000.0,9657,1226,4.53016732991904
489,Joe Scally,2,12000000.0,7353,1591,1.271216309545356
490,Kingsley Schindler,2,800000.0,10807,861,3.537183511794762
491,Benno Schmitz,2,2000000.0,10317,496,2.57441464002408
492,Nélson Semedo,2,15000000.0,10683,861,3.11451604821492
493,Ryan Sessegnon,2,13000000.0,8306,861,3.756549764245818
494,Luke Shaw,2,38000000.0,10077,1591,4.446985211457269
495,Kiliann Sildillia,2,18000000.0,7578,1226,2.049804547584684
496,Mohamed Simakan,2,35000000.0,8321,1591,4.916710287452335
497,Wilfried Singo,2,18000000.0,8089,1956,4.15008104805846
498,Robert Skov,2,6500000.0,9764,496,4.410712382287775
499,Adam Smith,2,1000000.0,11610,861,1.4808228713036975
500,Danilo Soares,2,1000000.0,11430,496,2.056726567498991
501,Eduard Sobol,2,2000000.0,10159,496,2.2281655118761896
502,Borna Sosa,2,8000000.0,9153,1956,5.552043573095509
503,Djed Spence,2,8000000.0,8225,496,2.839080931301995
504,Leonardo Spinazzola,2,7500000.0,10914,496,4.334903982674835
505,Gabriel Suazo,2,3000000.0,9320,1226,3.1619193312226703
506,Issiaga Sylla,2,2500000.0,10633,861,3.947997005798444
507,Nicolás Tagliafico,2,8000000.0,11123,861,4.202417571342255
508,Matt Targett,2,10000000.0,10011,1226,1.8029195824041488
509,Nuno Tavares,2,16000000.0,8418,496,6.217691090067816
510,Enzo Tchato,2,2000000.0,7391,861,2.911535768153221
511,Filippo Terracciano,2,3500000.0,7311,1956,2.473472468122924
512,Kenny Tete,2,15000000.0,9990,496,4.812379391098152
513,Kieran Tierney,2,18000000.0,9384,496,2.8534225224023007
514,Harry Toffolo,2,5000000.0,10040,861,2.1366881566055094
515,Jeremy Toljan,2,4500000.0,10416,861,1.932988944710353
516,Takehiro Tomiyasu,2,30000000.0,8869,861,3.447639530208008
517,Hamari Traoré,2,9000000.0,11337,861,5.016985079782398
518,Christopher Trimmel,2,800000.0,13135,496,3.2296706012556253
519,Kieran Trippier,2,11000000.0,11835,861,5.549045402997441
520,Adrien Truffert,2,18000000.0,7759,1226,5.246213871597382
521,Josha Vagnoman,2,8000000.0,8103,1226,3.983547889399815
522,Emanuele Valeri,2,2300000.0,8837,496,3.20700654534006
523,Vanderson,2,20000000.0,7908,1956,5.257971967409265
524,Lucas Vázquez,2,5000000.0,11548,496,5.470776538225463
525,Joël Veltman,2,10000000.0,11349,861,3.101503497926138
526,Lorenzo Venuti,2,1500000.0,10167,861,2.718599720638669
527,Nacho Vidal,2,2500000.0,10245,496,2.871629871114437
528,Mërgim Vojvoda,2,3500000.0,10238,861,3.885613875966251
529,Kyle Walker,2,13000000.0,11946,1226,2.324424619857344
530,Aaron Wan-Bissaka,2,20000000.0,9213,861,3.616447513819004
531,Joel Ward,2,1000000.0,12160,496,2.8181115190936987
532,Timothy Weah,2,14000000.0,8392,1956,4.396965839774399
533,Mitchell Weiser,2,6000000.0,10523,496,6.428669015824775
534,Ben White,2,55000000.0,9261,1226,4.345685920585836
535,Silvan Widmer,2,3500000.0,10934,1226,3.562385428261201
536,Neco Williams,2,17000000.0,7976,1226,3.0186108625520656
537,Marius Wolf,2,6500000.0,10122,496,5.263272826390606
538,Darlin Yongwa,2,1500000.0,8182,1226,4.236873038571396
539,Ashley Young,2,600000.0,13730,496,2.13543682637718
540,Nicola Zalewski,2,16000000.0,7691,861,3.383719327244285
541,Alessandro Zanoli,2,6000000.0,8171,496,4.106548628341693
542,Davide Zappacosta,2,6000000.0,11203,861,5.036775254222841
543,Mehdi Zeffane,2,600000.0,11225,496,3.196710566955598
544,Jordan Zemura,2,6000000.0,8495,1591,2.457150170998634
545,Oleksandr Zinchenko,2,42000000.0,9559,1226,4.716642467915118
546,Nadir Zortea,2,2000000.0,8640,496,4.951396424288807
547,Matthis Abline,5,4500000.0,7261,496,2.517625512961814
548,Tammy Abraham,5,35000000.0,9267,1226,4.342982911284253
549,Sargis Adamyan,5,700000.0,10856,1226,4.427180716362722
550,Ludovic Ajorque,5,7000000.0,10579,1226,2.589876544701003
551,Julián Álvarez,5,90000000.0,8413,1956,4.831959341766948
552,Michail Antonio,5,6000000.0,12006,496,2.894456251954721
553,Arthur,5,5000000.0,7272,1956,3.221110302154541
554,Iago Aspas,5,4000000.0,12978,861,5.667002781382752
555,Pierre-Emerick Aubameyang,5,4000000.0,12291,1226,2.0791842948867245
556,Taiwo Awoniyi,5,28000000.0,9317,1591,3.2157583080322523
557,Sardar Azmoun,5,10000000.0,10268,496,3.3788673111762084
558,Folarin Balogun,5,30000000.0,7896,1956,5.494522785364431
559,Christoph Baumgartner,5,24000000.0,8598,1956,5.265007972103435
560,Ihlas Bebou,5,4000000.0,10521,1226,3.649019107140533
561,Sheraldo Becker,5,12000000.0,10230,1226,4.89650896816369
562,Kevin Behrens,5,4000000.0,11696,0,3.7658063406480826
563,Andrea Belotti,5,6000000.0,10649,496,2.587748128866346
564,Eliesse Ben Seghir,5,18000000.0,6573,1591,4.119198361402944
565,Wissam Ben Yedder,5,10000000.0,11872,496,6.017521391344896
566,Mergim Berisha,5,12000000.0,9043,1591,2.8046359222063524
567,Beto,5,22000000.0,9143,1591,3.685737953967571
568,El Bilal Touré,5,20000000.0,7806,1591,2.859259215026696
569,Federico Bonazzoli,5,3000000.0,9398,496,2.2668664286600637
570,Rafael Borré,5,8000000.0,10014,496,3.6140293610522174
571,Lucas Boyé,5,7000000.0,9846,1591,5.190479071759557
572,Ante Budimir,5,5000000.0,11527,1591,3.3576056591940597
573,Dominic Calvert-Lewin,5,22000000.0,9463,861,1.8721552035100189
574,Nicolò Cambiaghi,5,7500000.0,8086,496,5.1726088369346375
575,Sergio Camello,5,4000000.0,8039,1591,3.70994442451526
576,Francesco Caputo,5,1300000.0,12973,861,1.5725425046388366
577,Lorenzo Colombo,5,7000000.0,7646,496,2.852128721533375
578,Ángel Correa,5,20000000.0,10200,1226,5.501815937865325
579,Joaquín Correa,5,10000000.0,10411,496,3.477547073969383
580,Matheus Cunha,5,32000000.0,8662,1591,3.2882842171918343
581,Thijs Dallinga,5,15000000.0,8231,1226,3.7643017645918775
582,Arnaut Danjuma,5,17000000.0,9508,496,1.874868711457768
583,Jonathan David,5,50000000.0,8430,861,6.45841902744551
584,Grégoire Defrel,5,1000000.0,11562,496,1.933141201539908
585,Cyriel Dessers,5,4000000.0,10296,1562,3.0566858446955134
586,Mattia Destro,5,800000.0,11649,496,0.9734737180871912
587,Gerard Deulofeu,5,7000000.0,10561,1226,6.224658778127684
588,Ángel Di María,5,5000000.0,12780,496,6.065772608951431
589,Boulaye Dia,5,18000000.0,9588,1226,5.345934787689387
590,Bamba Dieng,5,7000000.0,8361,861,2.831756857031827
591,Kasper Dolberg,5,10000000.0,9263,1591,1.5261175841868593
592,Marvin Ducksch,5,9000000.0,10567,1226,5.6492902823613615
593,Jhon Durán,5,17000000.0,7006,0,2.647566898490193
594,Hugo Duro,5,8000000.0,8499,1226,1.759275832879556
595,Breel Embolo,5,12000000.0,9495,1226,5.175265531448289
596,Youssef En-Nesyri,5,18000000.0,9388,861,3.297105213864564
597,Radamel Falcao,5,1200000.0,13514,496,2.086420540997697
598,João Félix,5,40000000.0,8499,496,4.563021422646472
599,Evan Ferguson,5,65000000.0,6695,2321,3.524042418750618
600,Carlos Fernández,5,3000000.0,9762,1226,2.49387989968832
601,Niclas Füllkrug,5,13000000.0,10960,1226,5.419105150582816
602,Adolfo Gaich,5,1600000.0,8753,496,2.022390384190277
603,Cody Gakpo,5,50000000.0,8682,1956,5.112278337548424
604,Kévin Gameiro,5,1000000.0,13060,496,4.487653525632897
605,Ignatius Ganago,5,3500000.0,8763,1591,2.950035655843122
606,Olivier Giroud,5,4000000.0,13284,496,4.455261295488795
607,Antoine Griezmann,5,25000000.0,11648,1226,10.46735534665919
608,Erling Haaland,5,180000000.0,8243,1591,8.399155328679424
609,Kai Havertz,5,55000000.0,8648,1956,5.003306273106032
610,Philipp Hofmann,5,2500000.0,10909,1226,3.543164309954346
611,Rasmus Højlund,5,65000000.0,7315,1956,4.74934618938946
612,Nicolas Jackson,5,35000000.0,7909,3051,5.508092580592376
613,Fredrik Jensen,5,3500000.0,9290,861,2.18003765413688
614,Gabriel Jesus,5,70000000.0,9446,1591,7.3456616729652415
615,Raúl Jiménez,5,6000000.0,11604,861,2.158179860914242
616,Willian José,5,6000000.0,11406,1226,2.022494558189915
617,Joselu,5,5000000.0,12007,496,4.175133948615897
618,Luka Jović,5,5000000.0,9186,496,3.4558737562210613
619,Tino Kadewere,5,2500000.0,9899,496,2.550493234679112
620,Arnaud Kalimuendo,5,20000000.0,7694,1591,3.9791899074239567
621,Harry Kane,5,110000000.0,10791,1591,7.138505718660745
622,Wilfried Kanga,5,3500000.0,9123,496,1.5373015363070728
623,Moise Kean,5,18000000.0,8386,861,3.306718246100468
624,Randal Kolo Muani,5,70000000.0,8839,1956,6.656785108437014
625,Alexandre Lacazette,5,10000000.0,11581,861,8.060769126304603
626,Cyle Larin,5,5000000.0,10162,1956,3.310387625796475
627,Robert Lewandowski,5,20000000.0,12593,1226,8.214379408839555
628,José Luis Morales,5,2500000.0,12986,496,3.794392188215464
629,Romelu Lukaku,5,35000000.0,10866,496,5.496875610511653
630,Daniel Maldini,5,3000000.0,7798,496,3.0390979251174715
631,Omar Marmoush,5,15000000.0,8772,1591,4.469755931431667
632,Roger Martí,5,2000000.0,11726,1226,1.408806220691322
633,Anthony Martial,5,15000000.0,9934,496,4.121896103240888
634,Lautaro Martínez,5,110000000.0,9307,1226,7.445831793808258
635,Jean-Philippe Mateta,5,7000000.0,9361,1226,2.0730543655585096
636,Neal Maupay,5,10000000.0,9680,496,1.97649541218776
637,Eric Maxim Choupo-Moting,5,3000000.0,12376,496,4.746439545321346
638,Borja Mayoral,5,15000000.0,9444,1591,3.554042346591629
639,Kylian Mbappé,5,180000000.0,8824,496,11.082103581275025
640,Sven Michel,5,900000.0,11899,861,2.989722846233776
641,Arkadiusz Milik,5,7000000.0,10576,1226,3.227643737010676
642,Rafa Mir,5,5000000.0,9371,1591,2.4884446618502847
643,Terem Moffi,5,25000000.0,8664,1591,3.766474168077812
644,Mostafa Mohamed,5,9000000.0,9211,1591,3.7635982724846735
645,Álvaro Morata,5,20000000.0,11071,1226,4.077341604665739
646,Gerard Moreno,5,15000000.0,11267,1591,5.460358963611732
647,Dany Mota,5,5000000.0,9052,1591,3.5406081340607334
648,Youssoufa Moukoko,5,30000000.0,6664,1226,3.883489152349288
649,Thomas Müller,5,10000000.0,12206,861,6.754351029239039
650,Vedat Muriqi,5,15000000.0,10520,1591,4.125314587092441
651,Jessic Ngankam,5,3000000.0,8244,496,1.81386927495428
652,M'Baye Niang,5,2700000.0,10285,496,2.0250275413643037
653,Eddie Nketiah,5,35000000.0,8659,1591,3.776423977041712
654,Christopher Nkunku,5,75000000.0,9225,2321,6.749771923122463
655,Lukas Nmecha,5,9000000.0,8830,861,2.372809149351513
656,Darwin Núñez,5,65000000.0,8635,1956,5.969650656733005
657,M'Bala Nzola,5,10000000.0,9676,1591,4.333048142597623
658,David Okereke,5,2700000.0,9300,496,3.4640876024266243
659,Karim Onisiwo,5,2800000.0,11287,1226,4.533761653493044
660,Loïs Openda,5,55000000.0,8398,1956,6.423530339469284
661,Divock Origi,5,5000000.0,10161,496,2.6272451431780017
662,Victor Osimhen,5,110000000.0,8815,1226,7.464003038340932
663,Mikel Oyarzabal,5,50000000.0,9428,1956,3.011312221883106
664,Gonçalo Paciência,5,1700000.0,10423,496,2.790470630980528
665,Paulinho,5,6500000.0,11055,1226,3.1115092321794577
666,Pietro Pellegri,5,3500000.0,8002,861,2.342052072933579
667,Ricardo Pepi,5,11000000.0,7340,1956,1.9365352629251964
668,Andrea Petagna,5,6500000.0,10089,496,3.7501304755701046
669,Luca Pfeiffer,5,1700000.0,9674,496,1.240885974083355
670,Maximilian Philipp,5,2000000.0,10573,496,2.613180828870858
671,Roberto Piccoli,5,3500000.0,8052,496,1.2102069515429026
672,Andrea Pinamonti,5,15000000.0,8670,1591,2.4499935422985475
673,Sebastian Polter,5,700000.0,11638,496,2.561171660692946
674,Ezequiel Ponce,5,3000000.0,9450,1591,2.156346472988359
675,Yussuf Poulsen,5,7000000.0,10469,1226,3.4731989937311107
676,Largie Ramazani,5,6000000.0,8022,861,3.9435124875538095
677,Chris Ramos,5,3000000.0,9521,1956,2.517051416819895
678,Wesley Saïd,5,3000000.0,10160,1226,4.491657061302678
679,Antonio Sanabria,5,9500000.0,9840,1226,4.496059292689862
680,Alexis Sánchez,5,2500000.0,12475,496,5.981199266498784
681,Nicola Sansone,5,1200000.0,11479,861,3.4741901808967697
682,Amin Sarr,5,4000000.0,8008,496,2.4500645502392038
683,Gianluca Scamacca,5,25000000.0,8808,1591,2.350424217757202
684,Patrik Schick,5,22000000.0,9880,1591,2.378965428213098
685,Davie Selke,5,3500000.0,10249,1226,2.067006926527146
686,Antoine Semenyo,5,10000000.0,8437,1591,2.867699975253336
687,Eldor Shomurodov,5,5000000.0,10090,496,2.4777950296659914
688,André Silva,5,7500000.0,9963,496,4.585326718996959
689,Abdallah Sima,5,7000000.0,7912,467,3.0195264849209216
690,Giovanni Simeone,5,13000000.0,10084,1226,4.8131988824265495
691,Islam Slimani,5,1300000.0,12656,496,1.7359761285601056
692,Dominic Solanke,5,25000000.0,9285,1591,4.489915585448312
693,Jørgen Strand Larsen,5,15000000.0,8408,1956,2.9347769758315616
694,Cristhian Stuani,5,2000000.0,13272,1226,2.1553837526396498
695,Isaac Success,5,3500000.0,9897,861,3.940202019363108
696,Alexander Sørloth,5,14000000.0,9934,1956,4.691590601407356
697,Mathys Tel,5,50000000.0,6502,1591,5.185724878720734
698,Florian Thauvin,5,3000000.0,10973,861,2.860288854726933
699,Marcus Thuram,5,55000000.0,9323,1956,6.335514320523248
700,Steffen Tigges,5,2000000.0,8963,1226,2.9514485340917744
701,Raúl de Tomás,5,5000000.0,10347,1591,2.908341266048674
702,Ivan Toney,5,35000000.0,9828,861,5.3795397746069415
703,Enes Ünal,5,25000000.0,9409,496,4.066012309996532
704,Deniz Undav,5,17000000.0,9705,496,3.6208264157384886
705,Carlos Vinícius,5,6000000.0,10184,496,2.0778089247739926
706,Dušan Vlahović,5,60000000.0,8416,1226,3.594743555274151
707,Kevin Volland,5,5000000.0,11154,1226,3.542327338804584
708,Elye Wahi,5,40000000.0,7347,1956,5.672857601833547
709,Luca Waldschmidt,5,3000000.0,9765,496,2.090869604295829
710,Ollie Watkins,5,60000000.0,9909,1956,5.573011456213633
711,Wout Weghorst,5,9000000.0,11147,496,2.491008964887095
712,Shon Weissman,5,2000000.0,9860,496,0.6257375789538266
713,Danny Welbeck,5,6000000.0,11768,496,4.86151194320592
714,Timo Werner,5,17000000.0,9838,496,5.367153099344337
715,Iñaki Williams,5,25000000.0,10469,1956,5.491818833204276
716,Callum Wilson,5,13000000.0,11307,861,5.094932178507326
717,Jonas Wind,5,25000000.0,8772,1226,3.0321394276225364
718,Chris Wood,5,7000000.0,11392,496,0.8241401610859973
719,Duván Zapata,5,8000000.0,11638,496,3.4131333752976656
720,Joshua Zirkzee,5,30000000.0,7937,1226,3.646775001872485
721,Brenden Aaronson,4,14000000.0,8152,496,2.128086529791236
722,Zakaria Aboukhlal,4,10000000.0,8396,1226,5.152714304764452
723,Karim Adeyemi,4,28000000.0,7696,1591,3.990853313012703
724,Amine Adli,4,25000000.0,8314,1226,4.180485851446471
725,Michel Aebischer,4,6000000.0,9533,1226,0.4828482347167546
726,Carlos Alcaraz,4,15000000.0,7384,496,1.3991297546497266
727,Miguel Almirón,4,30000000.0,10594,1226,4.76493591892096
728,Felipe Anderson,4,10000000.0,10894,496,5.325385448549446
729,Antony,4,35000000.0,8390,1591,4.005047338599099
730,Christopher Antwi-Adjei,4,2200000.0,10597,496,2.7126148843220186
731,Houssem Aouar,4,13000000.0,8994,1956,4.179282780880397
732,Takuma Asano,4,4000000.0,10324,496,2.094497631497443
733,Marco Asensio,4,20000000.0,9883,1226,5.61945862514013
734,Jordan Ayew,4,4000000.0,11478,861,3.344806953568785
735,Leon Bailey,4,30000000.0,9320,1591,2.6815320769262625
736,Nedim Bajrami,4,6000000.0,8751,0,2.0852553805434977
737,Tommaso Baldanzi,4,15000000.0,7266,1956,1.937128745298504
738,Jonathan Bamba,4,14000000.0,9818,1226,5.477063379763255
739,Lameck Banda,4,6000000.0,8050,1226,2.3267738354152607
740,Léo Baptistão,4,1800000.0,11128,1226,2.500198198465664
741,Bradley Barcola,4,30000000.0,7472,1956,5.292643258067182
742,Kike Barja,4,2500000.0,9448,1226,3.186637990682083
743,Harvey Barnes,4,35000000.0,9200,1956,3.89705747875724
744,Saïd Benrahma,4,22000000.0,10049,496,3.8993623919573577
745,Domenico Berardi,4,20000000.0,10423,1591,5.447005040905431
746,Álex Berenguer,4,12000000.0,10085,496,3.641902666873639
747,Mitchell van Bergen,4,1200000.0,8572,1591,2.859015328232957
748,Ludovic Blas,4,20000000.0,9178,1591,5.339757015975613
749,Badredine Bouanani,4,6000000.0,6646,496,3.739632619371233
750,Jarrod Bowen,4,50000000.0,9554,2686,3.616612356237941
751,Julian Brandt,4,40000000.0,9782,1226,5.593883442304989
752,Marius Bülter,4,3000000.0,10910,1226,2.8794262231498418
753,Facundo Buonanotte,4,12000000.0,6631,1591,1.152036507631602
754,Jonathan Burkardt,4,7000000.0,8253,1591,2.027200330502008
755,Jamie Bynoe-Gittens,4,28000000.0,6766,1956,3.1182927812102155
756,Rémy Cabella,4,4000000.0,12026,861,7.402871627526126
757,Tom Cairney,4,2000000.0,11709,861,2.847245446502184
758,Matteo Cancellieri,4,4800000.0,7672,496,2.121381350906221
759,Antonio Candreva,4,1500000.0,13131,861,3.3179824881322317
760,Gianluca Caprari,4,5000000.0,10789,1226,2.6291201600236573
761,Samu Castillejo,4,1700000.0,10251,496,3.1986657865364445
762,Yoann Cathline,4,1500000.0,7512,496,2.067518522356006
763,Rayan Cherki,4,25000000.0,7122,861,6.316725730986362
764,Federico Chiesa,4,50000000.0,9244,861,3.4056178175184666
765,Ryan Christie,4,12000000.0,10217,1591,2.700354241838401
766,Samuel Chukwueze,4,23000000.0,8667,1956,4.85485187535549
767,Alexis Claude-Maurice,4,4000000.0,9018,496,1.706253745745244
768,Marcus Coco,4,1500000.0,9730,861,2.859764217294919
769,Andrea Colpani,4,15000000.0,8678,1956,3.0807819935146097
770,Kingsley Coman,4,65000000.0,9741,1591,6.548424265703708
771,David Pereira da Costa,4,6000000.0,8074,1226,3.5510904892277053
772,Charles De Ketelaere,4,25000000.0,8009,496,2.4375483777111806
773,Ousmane Dembélé,4,60000000.0,9404,1956,6.1839486919004365
774,Moussa Diaby,4,60000000.0,8622,1956,4.908418534432052
775,Brahim Díaz,4,20000000.0,8596,1591,4.016183049718657
776,Luis Díaz,4,75000000.0,9526,1591,4.164545200946933
777,Sofiane Diop,4,15000000.0,8285,1591,3.972104478776049
778,Ritsu Doan,4,18000000.0,9008,0,3.9176416323298895
779,Paulo Dybala,4,25000000.0,10684,861,4.683993793664439
780,Malcolm Ebiowei,4,3000000.0,7105,496,2.2614497812885213
781,Chidera Ejuke,4,5000000.0,9172,496,2.684496852107106
782,Anthony Elanga,4,18000000.0,7597,1956,2.532180564212979
783,Romain Faivre,4,15000000.0,8980,1956,3.515361841325377
784,Ansu Fati,4,30000000.0,7413,496,4.609792897767743
785,Nabil Fekir,4,12000000.0,10801,1226,3.02457990280388
786,Lewis Ferguson,4,18000000.0,8575,1591,3.1540635138092528
787,Bruno Fernandes,4,70000000.0,10386,1226,6.565553237633702
788,Alexis Flips,4,3500000.0,8426,496,4.504227411193201
789,Phil Foden,4,110000000.0,8296,1591,6.54457661989438
790,Pablo Fornals,4,17000000.0,9852,2321,2.4927812620317757
791,Chris Führich,4,17000000.0,9165,1956,3.639454546569622
792,Angelo Fulgini,4,8000000.0,9674,1591,3.010995908188833
793,Alejandro Garnacho,4,30000000.0,6803,1956,4.429729343738048
794,Serge Gnabry,4,45000000.0,10075,1226,6.767152441193458
795,Papu Gómez,4,2000000.0,12779,496,2.237756909553167
796,Anthony Gordon,4,50000000.0,8025,1226,1.692895376408163
797,Mario Götze,4,7000000.0,11211,1226,2.5376728971988483
798,Jack Grealish,4,70000000.0,10019,1591,5.441397134832712
799,Vincenzo Grifo,4,12000000.0,10902,0,4.784982931016828
800,Evann Guessand,4,5000000.0,7898,1226,2.6233848773171577
801,Isco,4,8000000.0,11253,1591,2.256101610103566
802,Junya Ito,4,10000000.0,10930,1226,4.1987010117978185
803,Brennan Johnson,4,48000000.0,7936,1956,1.8912304307249856
804,Diogo Jota,4,50000000.0,9570,1591,4.183520495942522
805,Juanmi,4,8000000.0,10859,496,1.7777151261930588
806,Hamed Junior Traorè,4,18000000.0,8398,496,1.711250568870183
807,Florian Kainz,4,5000000.0,11070,861,4.745644116461071
808,Yann Karamoh,4,3000000.0,8986,496,2.705795438106719
809,Wahbi Khazri,4,2500000.0,11691,861,2.457131981879113
810,Justin Kluivert,4,11000000.0,8684,1956,2.6514055037694537
811,Christian Kouamé,4,9000000.0,9203,496,3.828054107734079
812,Dejan Kulusevski,4,55000000.0,8329,1956,3.972607943892065
813,Khvicha Kvaratskhelia,4,80000000.0,8037,1591,7.071851025458473
814,Adam Lallana,4,1000000.0,12694,496,1.913475696226293
815,Rafael Leão,4,90000000.0,8649,1956,6.006518699488071
816,Jesper Lindstrøm,4,25000000.0,8385,1956,2.983069177880432
817,Ademola Lookman,4,30000000.0,9249,1226,5.392960517664713
818,Hirving Lozano,4,22000000.0,10059,1956,3.96658501552944
819,Darwin Machís,4,2500000.0,10962,496,2.064535320187604
820,James Maddison,4,70000000.0,9581,1956,5.839158759556974
821,Noni Madueke,4,25000000.0,7644,2686,4.628816379642999
822,Linton Maina,4,6000000.0,8636,861,2.789754276753707
823,Donyell Malen,4,35000000.0,8790,1226,4.958798218705371
824,Ruslan Malinovskyi,4,10000000.0,10875,1591,2.719581476554586
825,Faitout Maouassa,4,5000000.0,8988,496,3.187381993587069
826,Solly March,4,22000000.0,10434,1226,6.358263965987979
827,Marquinhos,4,60000000.0,10500,1956,0.3900364857872036
828,Marquinhos,1,60000000.0,10500,1956,0.97019094380728
829,Bryan Mbeumo,4,38000000.0,8592,1226,4.469497733505616
830,Dwight McNeil,4,20000000.0,8487,1591,4.241265151758352
831,Junior Messias,4,3000000.0,11596,1226,3.260790312453988
832,Takumi Minamino,4,12000000.0,10253,1226,3.151276591133636
833,Kaoru Mitoma,4,50000000.0,9399,1591,5.856194118333308
834,Mason Mount,4,45000000.0,8799,1956,3.281081196112591
835,Iker Muniain,4,6000000.0,11015,496,3.0882541738693075
836,Jacob Murphy,4,15000000.0,10215,1591,3.2071724233772545
837,Jamal Musiala,4,110000000.0,7293,1226,7.091337723678855
838,Reiss Nelson,4,15000000.0,8469,1591,4.938517500081238
839,Pedro Neto,4,42000000.0,8375,1591,1.8837483364182657
840,Florian Neuhaus,4,9000000.0,9463,1591,1.7128917864817002
841,Cyril Ngonge,4,6000000.0,8298,1956,1.5632323133308554
842,Arnaud Nordin,4,7000000.0,9007,861,3.6291681398282014
843,Lucas Ocampos,4,12000000.0,10443,861,3.189365685748683
844,Wilson Odobert,4,10000000.0,6656,1956,2.6873691955647176
845,Michael Olise,4,50000000.0,7737,1591,5.160248449254644
846,Dani Olmo,4,50000000.0,9047,1591,3.97224578241969
847,Riccardo Orsolini,4,12000000.0,9515,1591,4.227271467333529
848,Dango Ouattara,4,20000000.0,7673,1956,3.760521966333563
849,Adam Ounas,4,5000000.0,9593,496,2.9939718563239994
850,Lucas Paquetá,4,65000000.0,9302,1591,3.80854792247006
851,Kevin Paredes,4,5000000.0,7222,1226,3.3954019389237104
852,Pedro,4,1500000.0,12981,496,3.348896537544477
853,Lorenzo Pellegrini,4,25000000.0,9735,1226,3.69566566894421
854,Nicolas Pépé,4,11000000.0,10120,496,3.275277886347469
855,Andreas Pereira,4,20000000.0,9903,1226,2.423316230055585
856,Ayoze Pérez,4,7000000.0,10790,1591,2.6145393471020286
857,Daniel Podence,4,13000000.0,9978,496,2.7877081596695428
858,Matteo Politano,4,15000000.0,10786,1591,3.9049905984320272
859,Christian Pulisic,4,32000000.0,8916,1591,2.737313544152574
860,Raphinha,4,50000000.0,9560,1591,6.629744566121877
861,Marcus Rashford,4,70000000.0,9238,1956,6.268282376627544
862,Richarlison,4,35000000.0,9409,1591,3.0923834585345324
863,Marco Richter,4,3500000.0,9215,1591,3.8238778910487183
864,Rodrygo,4,100000000.0,8070,1956,6.449138271975219
865,Alexis Saelemaekers,4,10000000.0,8632,496,4.024775455332637
866,Bukayo Saka,4,120000000.0,7834,1591,7.418204677772725
867,Mohamed Salah,4,65000000.0,11199,861,7.983335009722084
868,Roland Sallai,4,12000000.0,9397,861,2.052773926184789
869,Jadon Sancho,4,25000000.0,8359,496,4.462178037900825
870,Leroy Sané,4,80000000.0,9893,861,6.117246086381033
871,Riccardo Saponara,4,1500000.0,11378,861,3.5339760403594016
872,Pablo Sarabia,4,12000000.0,11233,861,1.4837316162202965
873,Téji Savanier,4,9000000.0,11377,1226,4.706328720771778
874,Kevin Schade,4,25000000.0,7752,1956,2.045650563163268
875,Demba Seck,4,2700000.0,8039,496,1.6857713611646608
876,Stephan El Shaarawy,4,5000000.0,11067,861,4.427222447976965
877,Moses Simon,4,10000000.0,10077,1226,2.342028791950447
878,Luis Sinisterra,4,17000000.0,8642,467,3.806363220801368
879,Tim Skarke,4,2000000.0,9657,496,1.9521722514625992
880,Manor Solomon,4,18000000.0,8605,1956,3.507350203249798
881,Florian Sotoca,4,3500000.0,11799,1226,5.816589898437424
882,Riccardo Sottil,4,8000000.0,8656,1226,2.7477902932478835
883,Raheem Sterling,4,45000000.0,10296,1591,3.632885190098337
884,Suso,4,5000000.0,10680,861,3.4914138033455018
885,Dominik Szoboszlai,4,75000000.0,8149,1956,5.327348405369376
886,Marcus Tavernier,4,17000000.0,8727,1956,3.675605231908137
887,Tetê,4,20000000.0,8399,1591,2.55321480063892
888,Jan Thielmann,4,6500000.0,7568,1226,2.305403419313391
889,Adrien Thomasson,4,6000000.0,10659,1226,2.7881272150176497
890,Tiago Tomás,4,8000000.0,7548,1591,1.7431991440587222
891,Óliver Torres,4,6000000.0,10324,496,2.500090257382201
892,Adama Traoré,4,9000000.0,9879,861,2.545640160092553
893,Óscar Trejo,4,2000000.0,12708,496,3.286094494945857
894,Leandro Trossard,4,38000000.0,10300,1226,3.4936692322211704
895,Cengiz Ünder,4,16000000.0,9345,1591,4.360829077370957
896,Nikola Vlašić,4,13000000.0,9265,1591,3.859947267883767
897,Noah Weißhaupt,4,7000000.0,7819,0,2.034083850824492
898,Nico Williams,4,50000000.0,7522,1591,4.498410678896255
899,Willian,4,3000000.0,12605,496,3.795794520823434
900,Harry Wilson,4,17000000.0,9457,1226,2.158727595992061
901,Patrick Wimmer,4,18000000.0,7929,1591,4.355293083769535
902,Florian Wirtz,4,100000000.0,7226,1591,4.442945787461387
903,Yoane Wissa,4,25000000.0,9661,1226,2.471600032490555
904,Mattia Zaccagni,4,25000000.0,10103,861,5.049279290127699
905,Wilfried Zaha,4,17000000.0,11054,1226,4.199516548145097
906,Rodrigo Zalazar,4,6000000.0,8587,1956,2.831865836887306
907,Nicolò Zaniolo,4,25000000.0,8627,496,1.6257481034045835
908,Edon Zhegrova,4,10000000.0,8718,1226,6.525925349368702
909,Hakim Ziyech,4,12000000.0,10920,496,3.768167418153385
910,Yunis Abdelhamid,1,700000.0,12921,496,5.43641842499795
911,Francesco Acerbi,1,4000000.0,12784,861,3.661206585978281
912,Tosin Adarabioyo,1,12000000.0,9275,496,3.859120147360743
913,Emmanuel Agbadou,1,8000000.0,9372,1591,4.55824685726307
914,Nayef Aguerd,1,38000000.0,9814,1591,3.042895099451719
915,Joseph Aidoo,1,4000000.0,10000,1226,3.4414896851550507
916,Kristoffer Ajer,1,18000000.0,9067,1956,1.0040688064155057
917,Manuel Akanji,1,42000000.0,10070,1591,2.9710502497033664
918,Kevin Akpoguma,1,3500000.0,10160,1226,3.3602198062765747
919,David Alaba,1,30000000.0,11190,1226,3.32199142797477
920,Raúl Albiol,1,2500000.0,13675,496,2.4401776025255897
921,Omar Alderete,1,3000000.0,9548,1956,4.802355427506741
922,Marcos Alonso,1,3000000.0,11736,496,4.636258429388619
923,Yeray Álvarez,1,10000000.0,10245,1226,3.7301988905358296
924,Daniel Amartey,1,8500000.0,10283,1226,3.038894240849492
925,Joachim Andersen,1,35000000.0,9753,1226,4.623107428321549
926,Waldemar Anton,1,10000000.0,9704,1591,5.317692058927076
927,Kaan Ayhan,1,4500000.0,10324,1226,2.4299409300051256
928,Benoît Badiashile,1,35000000.0,7993,2686,3.360521216212748
929,Eric Bailly,1,3400000.0,10532,861,2.105548376292262
930,Leonardo Balerdi,1,10000000.0,8783,1226,3.2529244509913102
931,Federico Baschirotto,1,7000000.0,9644,1226,4.268339021710366
932,Alessandro Bastoni,1,60000000.0,8706,1956,5.091291261183903
933,Maximilian Bauer,1,3500000.0,8405,1591,2.2443940970802494
934,Rodrigo Becão,1,10000000.0,9885,1956,4.569115003210669
935,Stefan Bell,1,1000000.0,11495,496,4.031239643850205
936,Jaka Bijol,1,10000000.0,8774,1591,5.68247528085328
937,Willy Boly,1,2500000.0,11696,496,3.2468606286642805
938,Kevin Bonifazi,1,2500000.0,9765,496,1.4079221313704815
939,Leonardo Bonucci,1,1500000.0,13068,496,2.131827302560235
940,Sebastiaan Bornauw,1,7000000.0,8727,1226,3.685841739351925
941,Sven Botman,1,45000000.0,8432,1591,3.2129821183127785
942,Santiago Bueno,1,8000000.0,8865,1956,3.1983491084395763
943,Alessandro Buongiorno,1,22000000.0,8653,1956,4.030640327454409
944,Mattia Caldara,1,1200000.0,10509,496,3.801342380073349
945,Luca Caldirola,1,1500000.0,11698,496,2.8467906200108457
946,Alexander Callens,1,1500000.0,11240,496,2.4861979296040806
947,Nicolò Casale,1,20000000.0,9130,1591,2.487524912915025
948,Jean-Charles Castelletto,1,3500000.0,10243,1956,3.614829850565411
949,Maximiliano Caufriez,1,3000000.0,9493,1226,3.4733789613177546
950,Federico Ceccherini,1,1500000.0,11233,496,3.5451361411935216
951,El Chadaille Bitshiabu,1,15000000.0,6483,1956,0.8515704648418398
952,Trevoh Chalobah,1,18000000.0,8624,1956,3.010291740332756
953,Andreas Christensen,1,40000000.0,9804,1226,3.764437420526484
954,Víctor Chust,1,1500000.0,8379,1226,2.9510423306347278
955,Omar Colley,1,3700000.0,11070,861,2.880805081076017
956,Nathan Collins,1,25000000.0,7959,2321,2.407205554386115
957,Levi Colwill,1,55000000.0,7293,2321,2.8904728138687705
958,Eray Cömert,1,4000000.0,9140,496,3.816015712066647
959,Diego Coppola,1,4000000.0,6991,1591,1.9728568595809417
960,Jorge Cuenca,1,5000000.0,8492,861,3.7767947341965926
961,Danilo D'Ambrosio,1,1000000.0,12575,496,4.53079946529221
962,Kevin Danso,1,22000000.0,8915,1591,5.010443417742646
963,Dante,1,600000.0,14361,496,4.628985891296118
964,Achraf Dari,1,1500000.0,8683,496,2.715271491638348
965,Matteo Darmian,1,4000000.0,12127,861,3.2362249915054684
966,Ben Davies,1,15000000.0,10885,861,5.025497919368948
967,Craig Dawson,1,2000000.0,11968,861,2.3932091271516827
968,Koni De Winter,1,7000000.0,7552,496,1.137005525649775
969,Sepp van den Berg,1,5000000.0,7729,496,2.17887617999854
970,Mouctar Diakhaby,1,6000000.0,9555,1591,4.483205943739568
971,Rúben Dias,1,80000000.0,9405,1591,2.9693529244923345
972,Eric Dier,1,12000000.0,10619,496,3.829246696669496
973,Issa Diop,1,22000000.0,9530,1591,3.0450193553717373
974,Axel Disasi,1,42000000.0,9103,2321,7.576868884874617
975,Tiago Djaló,1,15000000.0,8345,1226,2.832009913537908
976,Djené,1,4000000.0,11368,861,1.9770292781604508
977,Koffi Djidji,1,2500000.0,11034,496,2.881845222211989
978,Alexander Djiku,1,8500000.0,10415,1226,5.033993994604609
979,Berat Djimsiti,1,10000000.0,10950,1226,2.2501348869675324
980,Danilho Doekhi,1,17000000.0,8994,861,5.796293490936836
981,Ismaël Doukouré,1,12000000.0,7145,1226,3.3698590629675755
982,Domingos Duarte,1,3000000.0,10199,1226,3.0431475629809803
983,Lewis Dunk,1,14000000.0,11408,1226,3.0224317966183767
984,Enzo Ebosse,1,2500000.0,8738,1591,2.588776514333717
985,Nico Elvedi,1,14000000.0,9634,1591,4.967653227221979
986,Martin Erlic,1,5000000.0,9150,1226,1.809489331268682
987,Maxime Estève,1,7000000.0,7568,496,2.026375560992682
988,Jonny Evans,1,2000000.0,12821,496,3.07530596446
989,Fali,1,2500000.0,10777,1226,1.3064069473672657
990,Federico Fazio,1,400000.0,13112,496,3.730386533283188
991,Felipe,1,1500000.0,12323,496,4.631274213301763
992,Luiz Felipe,1,200000.0,9425,861,3.000247620920736
993,Edimilson Fernandes,1,5500000.0,9799,1226,3.622306930436957
994,Joaquín Fernández,1,2000000.0,9753,861,2.197348708242137
995,Wesley Fofana,1,32000000.0,8097,2321,4.470410649167405
996,José Fonte,1,300000.0,14297,496,2.70225924992683
997,Marco Friedl,1,5500000.0,9098,1226,2.926113675363144
998,Marvin Friedrich,1,3500000.0,9926,1226,3.676674681964918
999,Matteo Gabbia,1,4000000.0,8518,1226,1.094218535546614
1000,Marc Guéhi,1,38000000.0,8251,1226,3.638829204069858
1001,Mario Hermoso,1,25000000.0,10101,496,5.7273864452906205
1002,Isak Hien,1,9000000.0,8796,1956,2.137758248956056
1003,Timo Hübers,1,7500000.0,9704,1226,5.096426304348172
1004,Ardian Ismajli,1,3000000.0,9634,861,3.1672560372655387
1005,Ko Itakura,1,15000000.0,9512,1226,4.580821476668865
1006,Hiroki Ito,1,22000000.0,8677,1591,4.668744748736055
1007,Armando Izzo,1,2500000.0,11302,1226,3.657720482562433
1008,Paul Jaeckel,1,3500000.0,8972,0,3.249048813154928
1009,Julian Jeanvier,1,700000.0,11273,861,2.83259113782309
1010,Moritz Jenz,1,7500000.0,8689,1591,3.572095514504165
1011,Juan Jesus,1,3000000.0,11569,861,3.2639000728613685
1012,Juanpe,1,1200000.0,11609,496,1.8043568807329071
1013,Christopher Jullien,1,3000000.0,10917,861,3.2425964255089657
1014,Ozan Kabak,1,13000000.0,8359,1226,5.457829188414035
1015,Pierre Kalulu,1,25000000.0,8289,1591,3.5602769499911826
1016,Michael Keane,1,7000000.0,10988,861,5.835939904639677
1017,Thilo Kehrer,1,9000000.0,9643,496,2.460242495320933
1018,Lloyd Kelly,1,16000000.0,8898,496,2.3037045453995804
1019,Luca Kilian,1,2500000.0,8568,861,2.9753748891028318
1020,Max Kilman,1,35000000.0,9396,1956,3.3819167390365714
1021,Presnel Kimpembe,1,20000000.0,10046,1226,1.235981240708614
1022,Jakub Kiwior,1,25000000.0,8399,1956,3.418864687988978
1023,Lukas Klostermann,1,8000000.0,9751,1956,1.617805419515201
1024,Robin Knoche,1,5000000.0,11222,496,4.325723044068583
1025,Robin Koch,1,18000000.0,9707,496,3.081127027490905
1026,Ibrahima Konaté,1,38000000.0,8664,1226,3.0751693418929937
1027,Maxence Lacroix,1,20000000.0,8348,861,3.6630122038643664
1028,Robin Le Normand,1,40000000.0,9593,1226,2.6220297593286577
1029,Clément Lenglet,1,8000000.0,10102,496,3.893041578413928
1030,Matthijs de Ligt,1,65000000.0,8587,1591,5.106182747099402
1031,Victor Lindelöf,1,18000000.0,10437,861,1.6431503786252883
1032,Matteo Lovato,1,4500000.0,8400,496,0.1744277858625409
1033,Dejan Lovren,1,2000000.0,12274,861,3.8169787565214577
1034,Jhon Lucumí,1,11000000.0,8998,1226,2.8740128758312444
1035,José Luis Palomino,1,1000000.0,12089,496,4.099191385735839
1036,Castello Lukeba,1,40000000.0,7367,1956,4.1510898041442585
1037,Sebastiano Luperto,1,3000000.0,9658,861,3.71311331914036
1038,Giangiacomo Magnani,1,2800000.0,9995,861,2.0220024606535274
1039,Harry Maguire,1,20000000.0,10934,861,2.775564078887792
1040,Gianluca Mancini,1,20000000.0,9797,1591,3.5710717726881915
1041,Aïssa Mandi,1,2000000.0,11437,861,2.776574441375193
1042,Marcão,1,5000000.0,9749,1591,1.0825564520224535
1043,Gian Marco Ferrari,1,1600000.0,11229,496,2.3219609437329414
1044,Pablo Marí,1,5000000.0,10758,1226,2.3761023996977984
1045,José María Giménez,1,30000000.0,10249,1956,4.602800191175387
1046,Guillermo Maripán,1,10000000.0,10508,861,4.071605347302369
1047,Iñigo Martínez,1,8000000.0,11592,861,2.7290639609594205
1048,Lisandro Martínez,1,50000000.0,9156,1591,3.5246245797887656
1049,Lucas Martínez Quarta,1,14000000.0,9774,861,6.025654560078239
1050,Adam Masina,1,1500000.0,10632,496,4.196191832218657
1051,Chrislain Matsima,1,7000000.0,7579,496,1.960008367516449
1052,Konstantinos Mavropanos,1,14000000.0,9198,1956,7.191474290238092
1053,Chancel Mbemba,1,15000000.0,10416,861,6.8467614930125205
1054,Scott McKenna,1,10000000.0,9592,496,1.8066327907189128
1055,Facundo Medina,1,22000000.0,8661,1226,6.466078144270057
1056,Ben Mee,1,1000000.0,12198,496,5.412093097414085
1057,Bamo Meïté,1,4000000.0,7746,496,3.2704706171957736
1058,Chris Mepham,1,7000000.0,9234,861,3.413596510188035
1059,Jorge Meré,1,1200000.0,9432,496,2.0883294899252247
1060,Éder Militão,1,70000000.0,9156,1956,6.122787673976351
1061,Yerry Mina,1,5000000.0,10371,496,5.178883805313014
1062,Tyrone Mings,1,16000000.0,10926,1226,4.024054342107019
1063,Stefan Mitrović,1,3000000.0,7489,1956,0.5176543304329884
1064,César Montes,1,5000000.0,9485,1956,5.300074421089926
1065,Abdul Mumin,1,2000000.0,9018,1226,1.5846277344571456
1066,Youssouf Ndayishimiye,1,18000000.0,8877,1591,4.84678503601845
1067,Tanguy Nianzou,1,5000000.0,7557,1591,2.3821503147123297
1068,Rasmus Nicolaisen,1,6000000.0,9463,861,5.426938045447496
1069,Unai Núñez,1,6000000.0,9509,496,3.2756375383685703
1070,Bram Nuytinck,1,700000.0,11970,1226,1.8085939038716432
1071,Gerzino Nyamsi,1,5000000.0,9517,1591,4.664423295966223
1072,Angelo Ogbonna,1,700000.0,12681,496,0.9624576288142483
1073,Florent Ogier,1,400000.0,12378,496,1.6545861275178215
1074,Caleb Okoli,1,8000000.0,7886,496,2.8082251485060907
1075,Warmed Omari,1,8000000.0,8331,1591,2.0618859342787896
1076,Ivan Ordets,1,3000000.0,11176,496,3.627952858975405
1077,Cenk Özkacar,1,2500000.0,8168,1956,3.4793474631854835
1078,Jon Pacheco,1,8000000.0,8071,1591,1.870730737458964
1079,Nicolas Pallois,1,800000.0,12930,496,3.168966225050029
1080,Erik Palmer-Brown,1,2000000.0,9425,1591,2.4770451191613514
1081,Aitor Paredes,1,12000000.0,8325,861,2.7811899534092683
1082,Patric,1,4000000.0,10892,1591,1.1187785595863464
1083,Gabriel Paulista,1,2500000.0,11768,496,3.3328285722775197
1084,Benjamin Pavard,1,40000000.0,9816,1956,7.801576390056246
1085,Danilo Pereira,1,9000000.0,11480,861,3.75421363350647
1086,Nehuén Pérez,1,10000000.0,8270,1591,4.409063734325921
1087,Lucas Perrin,1,3000000.0,8855,861,3.12027639649522
1088,Germán Pezzella,1,5000000.0,11552,1226,2.2491210181950008
1089,Amos Pieper,1,5000000.0,9157,1226,4.480990176684687
1090,Ethan Pinnock,1,15000000.0,10850,1591,5.8802292577442605
1091,Lorenzo Pirola,1,7000000.0,7664,1591,3.802379411333214
1092,Jackson Porozo,1,3000000.0,8230,496,4.748497901133091
1093,Sergio Ramos,1,4000000.0,13464,496,4.382011905452752
1094,Luca Ranieri,1,5000000.0,8696,1226,2.097000727849732
1095,Tim Ream,1,1000000.0,12914,861,3.773291546347222
1096,Ricardo Rodríguez,1,3500000.0,11129,496,3.180177958913626
1097,Alessio Romagnoli,1,15000000.0,10257,1591,3.0542311801567448
1098,Cristian Romero,1,65000000.0,9057,1591,3.693556382855477
1099,Anthony Rouault,1,7000000.0,7930,496,4.942626793460642
1100,Amir Rrahmani,1,20000000.0,10580,1591,4.09696397876494
1101,Antonio Rüdiger,1,25000000.0,10936,1226,2.665969409070704
1102,Daniele Rugani,1,4000000.0,10425,496,2.243163295856701
1103,William Saliba,1,75000000.0,7995,1591,3.7191604701847383
1104,Mohammed Salisu,1,15000000.0,8702,1956,4.828153673009119
1105,Yoann Salmier,1,2000000.0,11043,861,3.2990967759964547
1106,Davinson Sánchez,1,16000000.0,9742,1591,3.868175293506165
1107,Alex Sandro,1,2000000.0,11703,496,4.467145109490946
1108,Malang Sarr,1,4000000.0,8786,861,1.992789459285832
1109,Giorgio Scalvini,1,40000000.0,7008,1956,5.189042711835784
1110,Fabian Schär,1,10000000.0,11379,861,6.288584304142523
1111,Keven Schlotterbeck,1,3500000.0,9421,496,2.7120561296183925
1112,Nico Schlotterbeck,1,35000000.0,8478,1591,7.221113617048342
1113,Perr Schuurs,1,25000000.0,8483,1226,3.228687387009668
1114,Alidu Seidu,1,7000000.0,8290,1956,2.644584347245237
1115,Marcos Senesi,1,20000000.0,9409,1226,3.2528395423236507
1116,Thiago Silva,1,2000000.0,14022,496,3.587918526287281
1117,Chris Smalling,1,3500000.0,12137,861,3.834643867895228
1118,Adama Soumaoro,1,3000000.0,11196,496,1.8170708902506252
1119,Çağlar Söyüncü,1,12000000.0,9761,496,4.529720798666008
1120,Niklas Stark,1,5500000.0,10165,1226,2.4012981132105486
1121,John Stones,1,38000000.0,10486,1226,4.827286874070477
1122,Niklas Süle,1,22000000.0,10026,1226,5.557710124896682
1123,Jonathan Tah,1,25000000.0,9863,861,2.702672513796868
1124,Montassar Talbi,1,8000000.0,9028,861,4.884802774495557
1125,Edmond Tapsoba,1,40000000.0,8777,1956,4.128186804036504
1126,James Tarkowski,1,13000000.0,11045,1226,6.32168975337276
1127,Arthur Theate,1,20000000.0,8299,1591,5.660520269602536
1128,Malick Thiaw,1,30000000.0,7861,1591,3.5476376796025795
1129,Jean-Clair Todibo,1,35000000.0,8449,1591,3.51257061777102
1130,Rafael Tolói,1,4000000.0,11814,861,4.900846595722205
1131,Fikayo Tomori,1,40000000.0,9190,1591,3.890682646134722
1132,Pau Torres,1,45000000.0,9523,1956,5.238864340464915
1133,William Troost-Ekong,1,2000000.0,10758,1226,2.608799270829473
1134,Tuta,1,15000000.0,8625,1226,4.05736173519129
1135,Samuel Umtiti,1,3000000.0,10685,861,1.420973450172304
1136,Dayot Upamecano,1,60000000.0,8877,1226,3.251135464988732
1137,Martin Valjent,1,4500000.0,9928,861,1.9492728939680477
1138,Virgil van Dijk,1,32000000.0,11541,861,5.603195579902174
1139,Raphaël Varane,1,25000000.0,10884,861,3.374690539782112
1140,Johan Vásquez,1,6000000.0,8882,1226,3.309663545388899
1141,Micky van de Ven,1,45000000.0,7970,2321,3.554580700043124
1142,Mattia Viti,1,6000000.0,7690,496,2.5122058509246976
1143,Kevin Vogt,1,2500000.0,11466,0,1.2245902241770468
1144,Stefan de Vrij,1,8000000.0,11329,861,3.77072314491634
1145,Sebastian Walukiewicz,1,2500000.0,8349,0,2.697446243958077
1146,Adam Webster,1,20000000.0,10265,1226,3.1070931010474983
1147,Mateusz Wieteska,1,3500000.0,9498,1591,3.3161341684665717
1148,Axel Witsel,1,5000000.0,12447,496,1.999083776855845
1149,Maximilian Wöber,1,14000000.0,9140,496,4.0976993906444985
1150,Christopher Wooh,1,6000000.0,7821,1226,1.9728700747353605
1151,Joe Worrall,1,12000000.0,9529,496,3.049426758881006
1152,Leny Yoro,1,25000000.0,6306,861,0.6815104190090562
1153,Dan-Axel Zagadou,1,10000000.0,8656,1226,3.94334170703148
1154,Kurt Zouma,1,25000000.0,10337,861,3.4049170329654848
1155,Igor Zubeldia,1,22000000.0,9449,2321,2.668193403741749
